LakeName,County,RegulationText,HasCrossReference,IsCompoundEntry,SpeciesCount
"AGNES LAKE","Douglas","Largemouth and smallmouth bass: all from 12-20"" must be immediately released, only 1 over 20"" allowed in possession.",False,False,1
"AITKIN LAKE including area known as Aitkin Flowage","Aitkin","See Big Sandy Lake.",True,True,0
"ALEXANDER LAKE","Morrison","Northern pike: all from 24-36"" must be immediately released. Possession limit 3, only 1 over 36"".",False,False,1
"AMELIA LAKE","Pope","Sunfish: daily limit 10.",False,False,1
"ANDREW LAKE","Douglas","Sunfish: daily limit 10.",False,False,1
"ANDRUSIA LAKE","Beltrami","See Cass Lake Chain.",True,False,0
"ANN LAKE","Carver","Largemouth bass: catch-and-release only. Northern pike: all from 24-36"" must be immediately released. Possession limit 3, only 1 over 36"".",False,False,2
"ANNIE BATTLE LAKE including inlet to Molly Stark Lake and outlet to Blanche Lake","Otter Tail","Use of gas and electric motors, powered augers, and other electronic fish‑finding devices is prohibited. Sunfish: daily limit 5. Northern pike, largemouth and smallmouth bass: catch-and-release only. Crappie: possession limit 5.",False,True,3
"ARROWHEAD LAKE","Crow Wing","See Whitefish Chain.",True,False,0
"ASH LAKE","St. Louis","Northern pike: all from 24-36"" must be immediately released, possession limit 3, only 1 over 36"".",False,False,1
"AUGUSTA LAKE including connected Clearwater, Grass, Augusta, Otter, and Caroline lakes","Wright","Crappie: daily limit 5. Sunfish: daily limit 10.",False,True,2
"BALM LAKE","Beltrami","Largemouth and smallmouth bass: all from 14-20"" must be immediately released, only 1 over 20"" allowed in possession.",False,False,1
"BALSAM LAKE including connected Haskell and Scrapper lakes","Itasca","Northern pike: all from 24-36"" must be immediately released. Possession limit 3, only 1 over 36"".",False,True,1
"BASS LAKE near Cohasset","Itasca","Sunfish: daily limit 5.",False,False,1
"BASS LAKE near Underwood","Otter Tail","Sunfish: daily limit 5.",False,False,1
"BASS LAKE near Burtrum north of Long Lake","Todd","Walleye: possession limit 2. Largemouth bass: possession limit 1. Northern pike: possession limit 3, all larger than 26"" must be immediately released.",False,False,3
"BATTLE LAKE","Itasca","Sunfish: daily limit 5.",False,False,1
"BEAR CREEK RESERVOIR","Chester Woods","(Olmsted) See Rochester–Olmsted County Area Lakes.",True,False,0
"BEAR HEAD LAKE","St. Louis","Sunfish: daily limit 5.",False,False,1
"BEAR LAKE","Itasca","Sunfish: daily limit 5.",False,False,1
"BEAUTY LAKE","Todd","Sunfish: daily limit 5.",False,False,1
"BECKER LAKE","Stearns","See Sauk River Chain of Lakes.",True,False,0
"BELTRAMI LAKE","Beltrami","See Turtle River chain of lakes.",True,False,0
"BERTHA LAKE","Crow Wing","See Whitefish Chain.",True,False,0
"BEUBER LAKE","Cass","Sunfish: daily limit 5.",False,False,1
"BIG BASS LAKE","Beltrami","Largemouth and smallmouth bass: all from 14-20"" must be immediately released, only 1 over 20"" allowed in possession. Sunfish: daily limit 5.",False,False,2
"BIG FLOYD LAKE","Becker","Sunfish: daily limit 5.",False,False,1
"BIG LAKE","Beltrami","Sunfish: daily limit 5.",False,False,1
"BIG MANTRAP","Hubbard","Crappie: daily limit 5. Northern pike: all from 24‑36"" must be immediately released. Possession limit 3, only 1 over 36"".",False,False,2
"BIG MARINE LAKE","Washington","Sunfish: daily limit 10. ⁕NEW—BIG PINE LAKE (Otter Tail) Sunfish: daily limit 10. Walleye: all from 18-26"" must be immediately released, only 1 over 26"" allowed in possession. Crappie: daily limit 5.",False,False,4
"BIG PORTAGE LAKE and connected Rice and Deep Portage lakes","Cass","Crappie: daily limit 5. Sunfish: daily limit 10.",False,True,2
"BIG RICE LAKE","Beltrami","See Cass Chain.",True,False,0
"BIG SANDY LAKE and connected waters","Aitkin",": Aitkin Lake including area known as Aitkin Flowage, Davis Lake including bay known as Steamboat Lake, Flowage Lake, Sandy River Lake, Prairie River from confluence with Tamarack River downstream to confluence with Big Sandy Lake, Sandy River from State Highway 210 downstream to confluence with the Mississippi River, and West Savanna River from County Highway 14 downstream to confluence with the Prairie River. Sunfish: daily limit 5. Walleye: all less than 14"" or greater than 18"" must be immediately released, only 1 over 26"" allowed in possession.",False,True,2
"BIG SWAN LAKE","Todd","Northern pike: all from 24-36"" must be immediately released. Possession limit 6, only 1 over 36"".",False,False,1
"BIG TROUT LAKE","Crow Wing","See Whitefish Chain.",True,False,0
"BLACKDUCK LAKE","Beltrami","Sunfish: daily limit 5.",False,False,1
"BLACKDUCK LAKE","St. Louis","Sunfish: daily limit 10.",False,False,1
"BLACK BASS LAKE","Mille Lacs","Use of gas or electric augers, underwater cameras, and other electronic fish-finding devices is prohibited. Largemouth and smallmouth bass: catch‑and-release only. Northern pike: catch-and-release only. Sunfish: daily limit 5.",False,False,3
"BLACKWELL LAKE","Douglas","Sunfish: daily limit 10.",False,False,1
"BLUEBERRY LAKE","Wadena","Northern pike: all from 24-36"" must be immediately released. Possession limit 3, only 1 over 36"".",False,False,1
"BOLFING LAKE","Stearns","See Sauk River Chain of Lakes.",True,False,0
"BORDEN LAKE","Crow Wing","Sunfish: daily limit 5. Crappie: daily limit 5.",False,False,2
"BOY LAKE and connected Swift Lake","Cass","Crappie: daily limit 5. Sunfish: daily limit 10.",False,True,2
"BUCK LAKE near Burtrum","Todd","Sunfish: daily limit 5.",False,False,1
"BUFFALO LAKE","Becker","Sunfish: daily limit 5.",False,False,1
"CAMPBELL LAKE","Beltrami","Sunfish: daily limit 5.",False,False,1
"CARIBOU LAKE","Itasca","Lake trout: minimum size limit 20"". Possession limit 1.",False,False,1
"CARNELIAN LAKE","Stearns","Sunfish: daily limit 5.",False,False,1
"CASCADE LAKE","Cascade Ponds","(Olmsted) See Rochester–Olmsted County Area Lakes.",True,False,0
"CASS CHAIN including connecting waters Wolf, Ose, Andrusia, Big Lake Creek, Mississippi River, Cass, Fox Creek, Pike Bay, Windigo, Buck, Big Rice, Little Rice, Kitchi, Turtle River, and Pug Hole","Beltrami","Sunfish: daily limit 5.",False,True,1
"CEDAR LAKE","Morrison","Walleye: possession limit 2. Crappie: daily limit 5. Northern pike: possession limit 3, all larger than 26"" must be immediately released.",False,False,3
"CEDAR LAKE north of Sauk Centre","Todd","Sunfish: daily limit 5.",False,False,1
"CEDAR ISLAND LAKE","Stearns","See Sauk River Chain of Lakes.",True,False,0
"CENTER LAKE, North and South","Chisago","Northern pike: all from 24-36"" must be immediately released, possession limit 3, only 1 over 36"".",False,False,1
"CENTERVILLE LAKE","Anoka","Sunfish: daily limit 5.",False,False,1
"CHILD LAKE","Cass","Northern pike: all from 24-36"" must be immediately released. Possession limit 3, only 1 over 36"".",False,False,1
"CHISAGO LAKE","Chisago","Largemouth bass: all 12"" and larger must be immediately released.",False,False,1
"CLAMSHELL LAKE","Crow Wing","See Whitefish Chain.",True,False,0
"CLEAR LAKE","Aitkin","Sunfish: daily limit 10.",False,False,1
"CLEAR LAKE","Waseca","Largemouth and smallmouth bass: catch-and-release only.",False,False,1
"CLEARWATER LAKE including connected Caroline, Augusta, Grass and Otter lakes and connecting portions of the Clearwater River","Stearns and Wright","Crappie: daily limit 5. Sunfish: daily limit 10.",False,True,2
"CLITHERALL LAKE","Otter Tail","Smallmouth bass: all from 14-20"" must be immediately released, only 1 over 20"" allowed in possession.",False,False,1
"COON LAKE","Anoka","Walleye: minimum size limit 17"".",False,False,1
"COON-SANDWICK LAKE","Itasca","Northern pike: all from 24-36"" must be immediately released, possession limit 3, only 1 over 36"". CRANE LAKE including Vermilion Gorge and Echo River from mouth upstream to",False,False,1
"County Highway 424 bridge","St. Louis","Walleye: all from 18-26"" must be immediately released, only 1 over 26"" allowed in possession. Walleye and sauger: possession limit 6 combined, only 4 may be walleye.",False,False,2
"CRAWFORD LAKE","Wright","Crappie: possession limit 5. Largemouth bass: catch-and-release only. Perch: possession limit 10. Sunfish: possession limit 5. Walleye: possession limit 2.",False,False,5
"CROOKED LAKE","Anoka","Largemouth bass: catch-and-release only.",False,False,1
"CROOKED LAKE and connected Welsh Lake","Cass","Sunfish: daily limit 5.",False,True,1
"CROOKED LAKE","Stearns","Largemouth bass: all from 12-20"" must be immediately released, only 1 over 20"" allowed in possession.",False,False,1
"CROSS LAKE and connected waters including the Snake River under the I-35 bridges downstream to the Cross Lake Road/County Road 9 bridge","Pine","Sunfish: daily limit 10.",False,True,1
"CROSS LAKE RESERVOIR","Crow Wing","See Whitefish Chain.",True,False,0
"CROW WING LAKES, 1st, 2nd, 3rd, and 4th including the Crow Wing River from County Road 109 upstream to Crown Point Road","Hubbard","Sunfish: daily limit 5.",False,True,1
"CROW WING LAKES, 5th and 6th","Hubbard","Northern pike: all from 24‑36"" must be immediately released, possession limit 3, only 1 over 36"".",False,False,1
"CROW WING LAKES, 8th, 9th, and 10th","Hubbard","Northern pike: all from 24-36"" must be immediately released, possession limit 3, only 1 over 36"".",False,False,1
"CRYSTAL LAKE","Otter Tail","Sunfish: daily limit 10.",False,False,1
"CUT FOOT SIOUX LAKE and connected Little Cut Foot Sioux Lake, First River Flowage, and Egg Lake","Itasca",": See Winnibigoshish.",True,True,0
"DAGGETT LAKE","Crow Wing","See Whitefish Chain.",True,False,0
"DAM LAKE and connected Lily Lake and Dam Brook","Aitkin","Sunfish: daily limit 10.",False,True,1
"DAVIS LAKE","Aitkin","See Big Sandy Lake.",True,False,0
"DEER LAKE","Beltrami","Largemouth and smallmouth bass: all from 14‑20"" must be immediately released, only 1 over 20"" allowed in possession. Northern pike: all from 24‑36"" must be immediately released, possession limit 3, only 1 over 36"". Sunfish: daily limit 5.",False,False,3
"DEER LAKE near Effie","Itasca","Sunfish: daily limit 5.",False,False,1
"DEER LAKE including Otter Tail River","Otter Tail","Sunfish: daily limit 10.",False,True,1
"DEMONTREVILLE LAKE","Washington","Largemouth bass: catch‑and‑release only.",False,False,1
"DIAMOND LAKE","Kandiyohi","Sunfish: daily limit 5.",False,False,1
"DIXON LAKE","Itasca","See Winnibigoshish.",True,False,0
"DUTCH LAKE","Hennepin","Crappie: daily limit 5. Sunfish: daily limit 5.",False,False,2
"DYERS LAKE","Cook","Crappie: daily limit 5. Sunfish: daily limit 5.",False,False,2
"AST LOST LAKE including Otter Tail River","Otter Tail","Sunfish: daily limit 10.",False,True,1
"AST TWIN LAKE","Crow Wing","Crappie: daily limit 5. Sunfish: daily limit 5. ⁕NEW—EDEN LAKE (Stearns) Catfish special regulation repealed.",False,False,3
"DWARD LAKE","Crow Wing","Crappie: daily limit 5. Sunfish: daily limit 5.",False,False,2
"LEPHANT LAKE","St. Louis","Sunfish: daily limit 10.",False,False,1
"LLIOT LAKE","St. Louis","Sunfish: daily limit 5.",False,False,1
"UNICE LAKE","Becker","Sunfish: daily limit 5. Crappie: minimum size limit 10"". Daily limit 5. Largemouth and smallmouth bass: all from 12-20"" must be immediately released, only 1over 20"" allowed in possession. ⁕NEW—FARM LAKE (Lake) Northern pike special regulation repealed. Walleye: (includes the North Branch Kawishiwi River from Farm Lake 4.8 miles east to the long portage) All from 17-26"" must be immediately released, only 1 over 26"" allowed in possession.",False,False,5
"FARM ISLAND LAKE","Aitkin","Walleye: all from 16-19"" must be immediately released, only 1 over 20"" allowed in possession. ⁕NEW—FISH LAKE near Parkers Prairie (Otter Tail) Sunfish: daily limit 5. Crappie: daily limit 5. ⁕NEW—FISH LAKE near Weetown (Otter Tail) Sunfish: daily limit 5. Crappie: daily limit 5.",False,False,5
"FISH LAKE RESERVOIR","St. Louis","Walleye: all less than 13"" or greater than 17"" must be immediately released, except 1 over 26"" allowed in possession. Possession limit 3. Crappie: daily limit 5. Sunfish: daily limit 5.",False,False,3
"FISH TRAP LAKE","Morrison","Northern pike: all from 24-36"" must be immediately released, possession limit 3, only 1 over 36"".",False,False,1
"FLADMARK LAKE","Otter Tail","Sunfish: possession limit 10. Northern pike, largemouth and smallmouth bass: catch-and-release only. Crappie: possession limit 5.",False,False,3
"FLORIDA LAKE","Kandiyohi","Sunfish: daily limit 10.",False,False,1
"FLOUR LAKE","Cook","Smallmouth bass: all from 14-20"" must be immediately released, only 1 over 20"" allowed in possession.",False,False,1
"FLOWAGE LAKE","Aitkin","See Big Sandy Lake.",True,False,0
"FOSTER-AREND LAKE","Olmsted","Trout: continuous season. Possession limit 3, only 1 over 16"" allowed in possession. Sunfish, crappie, yellow perch, largemouth and smallmouth bass, see Rochester–Olmsted County Area Lakes.",True,False,2
"FOX LAKE","Beltrami","See Turtle River chain of lakes.",True,False,0
"FRANKLIN LAKE","Otter Tail","Crappie: minimum size limit 10"", daily limit 5. Sunfish: daily limit 5.",False,False,2
"GAMEHAVEN","Boy Scout Lake or Willow Reservoir No. 4","(Olmsted) See Rochester–Olmsted County Area Lakes. ⁕NEW—GARDEN LAKE (Lake) Northern pike special regulation repealed. Walleye: all from 17-26"" must be immediately released, only one over 26"" allowed in possession.",True,False,2
"GARFIELD LAKE","Hubbard","Sunfish: daily limit 5.",False,False,1
"GEORGE LAKE","Hubbard","Northern pike: all from 24""-36"" must be immediately released. Possession limit 3, only 1 over 36"". Largemouth and smallmouth bass: all 14‑20"" must be immediately released, only 1 over 20"" allowed in possession.",False,False,2
"GEORGE LAKE","Kandiyohi","Crappie: daily limit 5. Sunfish: daily limit 5.",False,False,2
"GILBERT LAKE","Crow Wing","Crappie: daily limit 5. Sunfish: daily limit 5.",False,False,2
"GILCHRIST LAKE","Pope","Sunfish: daily limit 10.",False,False,1
"GIRL LAKE","Cass","Northern pike: all from 24""-36"" must be immediately released. Possession limit 3, only 1 over 36"".",False,False,1
"GLADSTONE LAKE","Crow Wing","Crappie: daily limit 5. Sunfish: daily limit 5.",False,False,2
"GOODRICH LAKE","Crow Wing","Crappie: daily limit 5. Sunfish: daily limit 5.",False,False,2
"GOOSE LAKE","Chisago","Crappie: daily limit 5. Walleye: minimum size limit 17"".",False,False,2
"GRASS LAKE","Wright","See Clearwater Lake.",True,False,0
"GRAVE LAKE","Itasca","Sunfish: daily limit 5.",False,False,1
"GREAT NORTHERN LAKE","Stearns","See Sauk River Chain of Lakes.",True,False,0
"GREEN LAKE","Chisago","Walleye: minimum size limit 17"", only 1 over 20"" allowed in possession.",False,False,1
"GREEN LAKE","Kandiyohi","Walleye: possession limit 3.",False,False,1
"GREEN PRAIRIE LAKE","Morrison","Sunfish: possession limit 10.",False,False,1
"GRINDSTONE LAKE","Pine","Smelt: seines may not be used within 100' of any inflow or outflow of the lake.",False,False,0
"GROVE LAKE","Pope","Sunfish: daily limit 10.",False,False,1
"GULL LAKE","Beltrami","Sunfish: daily limit 5.",False,False,1
"GULL LAKE CHAIN including connected Gull, Upper Gull, Margaret, Ray, Love, Nisswa, Roy, and Round lakes","Crow Wing, Cass","Northern pike: all from 30-40"" must be immediately released, possession limit 2, only 1 over 40"". ⁕NEW—GULL LAKE (Cook) Walleye: see Saganaga Lake.",True,True,2
"GUN LAKE","Aitkin","Sunfish: daily limit 10.",False,False,1
"HALF MOON","Crow Wing","See Mississippi River.",True,False,0
"HASKELL LAKE","Itasca","See Balsam Lake (Itasca).",True,False,0
"HEIGHT OF LAND LAKE","Becker","Sunfish: daily limit 10.",False,False,1
"HENRY LAKE","Douglas","Largemouth and smallmouth bass: all from 12-20"" must be immediately released, only 1 over 20"" allowed in possession.",False,False,1
"HORSESHOE LAKE and connected Minnewawa Lake","Aitkin","Walleye: possession limit 3. Sunfish: daily limit 10.",False,True,2
"HORSESHOE LAKE","Cass","Near Backus. Sunfish: daily limit 5.",False,False,1
"HORSESHOE LAKE","Stearns","See Sauk River Chain of Lakes.",True,False,0
"HOVDE LAKE","Cass","Largemouth bass: catch-and-release only.",False,False,1
"HUBERT LAKE","Crow Wing","Largemouth and smallmouth bass: all 12"" and larger must be immediately released. Crappie: daily limit 5. Sunfish: daily limit 5.",False,False,3
"HUNGRY JACK LAKE","Cook","Smallmouth bass: all from 14-20"" must be immediately released, only 1 over 20"" allowed in possession.",False,False,1
"INDIAN LAKE","Wright","Sunfish: daily limit 10.",False,False,1
"INGUADONA LAKE and connected Rice Lake","Cass","Sunfish: daily limit 10. Crappie: daily limit 5.",False,True,2
"IRENE LAKE","Douglas","Sunfish: daily limit 10.",False,False,1
"ISLAND LAKE","Becker","Sunfish: daily limit 10.",False,False,1
"ISLAND LAKE near Ponto Lake","Cass","Sunfish: daily limit 5.",False,False,1
"ISLAND LAKE near Deer River","Itasca","Sunfish: daily limit 5.",False,False,1
"ISLAND LAKE near Northome","Itasca","Northern pike: all from 24-36"" must be immediately released. Possession limit 3, only 1 over 36"". Walleye: all from 17-26"" must be immediately released, only 1 over 26"" allowed in possession.",False,False,2
"ISLAND-LOON LAKE","Crow Wing","See Whitefish Chain.",True,False,0
"ISLAND LAKE RESERVOIR including Cloquet River from mouth of Island Reservoir upstream 0.5 miles to rapids and Otter River from mouth of Island Reservoir upstream to Boulder Reservoir dam","St. Louis","Walleye: all from 15-20"" must be immediately released. Possession limit 10, only 1 over 20"".",False,True,1
"ITASCA LAKE","Clearwater","Crappie: daily limit 5. Sunfish: daily limit 5.",False,False,2
"JANE LAKE","Washington","Largemouth bass: catch-and-release only.",False,False,1
"JAY GOULD including Little Jay Gould and Blackwater Reservoir upstream to Highway 6","Itasca","Sunfish: daily limit 5.",False,True,1
"JULIA LAKE","Beltrami","Sunfish: daily limit 5.",False,False,1
"KABEKONA LAKE","Hubbard","Walleye: all from 20-26"" must be immediately released. Possession limit 4, only 1 over 26"" allowed in possession.",False,False,1
"KABETOGAMA LAKE including Sullivan Bay and Ash River to Ash River Falls","St. Louis","Walleye: all from 18-26"" must be immediately released, only 1 over 26"" allowed in possession. Walleye and sauger: possession limit 6 combined, only 4 may be walleye.",False,True,2
"KALMAR RESERVOIR","Olmsted","See Rochester–Olmsted County Area Lakes.",True,False,0
"KERBS","Otter Tail","See Little McDonald Lake.",True,False,0
"KITCHI LAKE","Beltrami","See Cass Lake Chain.",True,False,0
"KNAUS LAKE","Stearns","See Sauk River Chain of Lakes.",True,False,0
"KNIFE LAKE","Kanabec","Walleye: all from 18-24"" must be immediately released, only 1 over 24"" allowed in possession. Northern pike: all from 24-36"" must be immediately released, possession limit 3, only 1 over 36"" allowed in possession.",False,False,2
"KRAYS LAKE","Stearns","See Sauk River Chain of Lakes.",True,False,0
"LA SALLE LAKE","Hubbard","Walleye: possession limit 2. Largemouth and smallmouth bass: catch-and-release only. Northern pike: possession limit 1. Crappie: possession limit 5. Sunfish: possession limit 5. Yellow perch: possession limit 10. ⁕NEW—LAC QUI PARLE LAKE upstream to Marsh Lake Dam, including the Watson Sag upstream to the diversion dam (Lac qui Parle and Chippewa) Walleye: possession limit 4, only 1 over 20"". Crappie: daily limit 5.",False,False,8
"LADY LAKE near Grey Eagle","Todd","Sunfish: daily limit 5.",False,False,1
"LAKE OF THE WOODS and tributaries","Lake of the Woods and Roseau","See pages 67-70.",True,False,0
"LEECH LAKE","Cass","Crappie: daily limit 5. Sunfish: daily limit 5. Walleye: possession limit 4, only 1 over 20"".",False,False,3
"LESTER LAKE","Hubbard","All species: catch-and-release only.",False,False,0
"LEVEN LAKE","Pope","Sunfish: daily limit 10.",False,False,1
"LIDA LAKES, South and North, including Mud Lake","Otter Tail","Crappie: minimum size limit 11"". Walleye: all from 17-26"" must be immediately released, only 1 over 26"" allowed in possession. Sunfish: daily limit 10.",False,True,3
"LILY LAKE and connected Long Lake","Todd","Sunfish: daily limit 5.",False,True,1
"LIND LAKE","Cass","Sunfish: daily limit 5.",False,False,1
"LITTLE BOWSTRING LAKE","Itasca","Sunfish: daily limit 5.",False,False,1
"LITTLE BOY LAKE","Cass","Northern pike: all from 24-36"" must be immediately released, possession limit 3, only 1 over 36"". Walleye: all from 18‑26"" must be immediately released, possession limit 4, only 1 over 26"".",False,False,2
"LITTLE CORMORANT LAKE","Becker","Sunfish: daily limit 5. Crappie: minimum size limit 10"". Daily limit 5. Walleye: minimum size limit 17"", only 1 over 20"" allowed in possession.",False,False,3
"LITTLE CUTFOOT SIOUX","Itasca","See Winnibigoshish.",True,False,0
"LITTLE FLOYD LAKE","Becker","Northern pike: all from 24-36"" must be immediately released, daily limit 3, only 1 over 36"".",False,False,1
"LITTLE MANTRAP LAKE","Hubbard","Largemouth bass: all from 12-20"" must be immediately released, only 1 over 20"" allowed in possession.",False,False,1
"LITTLE MCDONALD LAKE including Kerbs Lake","Otter Tail","Walleye: all from 17-26"" must be immediately released, only 1 over 26"" allowed in possession.",False,True,1
"LITTLE PINE LAKE","Crow Wing","See Whitefish Chain. ⁕NEW—LITTLE PINE LAKE including Mud Lake west of County Hwy 51 and up to 425th Avenue (Otter Tail) Walleye: all from 18-26"" must be immediately released, only 1 over 26"" allowed in possession. Crappie: daily limit 5. Sunfish: daily limit 10.",True,False,0
"LITTLE RABBIT LAKE","Crow Wing","See Mississippi River.",True,False,0
"LITTLE SPLITHAND LAKE","Itasca","Sunfish: daily limit 5.",False,False,1
"LITTLE SUGAR BUSH LAKE","Becker","Sunfish: daily limit 5.",False,False,1
"LITTLE TOAD LAKE","Becker","Sunfish: daily limit 10. Northern pike: all from 24‑36"" must be immediately released, possession limit 3, only 1 over 36"".",False,False,2
"LITTLE TROUT LAKE","St. Louis","Lake trout: catch-and-release only.",False,False,1
"LITTLE TURTLE LAKE","Beltrami","See Turtle River chain of lakes.",True,False,0
"LITTLE TURTLE LAKE near Marcell","Itasca","Sunfish: daily limit 5.",False,False,1
"LITTLE VERMILION LAKE including Loon River to Loon River Falls portage","St. Louis","Walleye: all from 18-26"" must be immediately released, only 1 over 26"" allowed in possession. Walleye and sauger: possession limit 6 combined, only 4 may be walleye.",False,True,2
"LITTLE WEBB LAKE","Cass","Crappie: daily limit 5. Sunfish: daily limit 5.",False,False,2
"LITTLE WOMAN LAKE","Cass","Northern pike: all from 24-36"" must be immediately released. Possession limit 3, only 1 over 36"".",False,False,1
"LONG LAKE near Hawick","Kandiyohi","Largemouth bass: all from 14‑20"" must be immediately released, only 1 over 20"" allowed in possession. Sunfish: daily limit 10.",False,False,2
"LONG LAKE near Clearwater","Stearns","Largemouth bass: all from 12-20"" must be immediately released, only 1 over 20"" allowed in possession. ⁕NEW—LONG LAKE south of Richmond (Stearns) Special regulation for catfish repealed. Sunfish: daily limit 10.",False,False,3
"LONG LAKE including connected Lily Lake","Todd","Sunfish: daily limit 5.",False,True,1
"LONG LAKE near Burtrum","Todd","Northern pike: all from 24-36"" must be immediately released, possession limit 3, only 1 over 36"".",False,False,1
"LONG LAKE near Spaulding","Todd","Sunfish: possession limit 10.",False,False,1
"LONG LAKE near Vergas","Otter Tail","Sunfish: daily limit 10.",False,False,1
"LOVE LAKE","Cass","See Gull Chain.",True,False,0
"LOW LAKE","St. Louis","Sunfish: daily limit 10.",False,False,1
"LOWER HAY LAKE","Crow Wing","See Whitefish Chain.",True,False,0
"MAHNOMEN MINE and connected Alstead and Arco Mines","Crow Wing","Lake trout: minimum length limit 20"". Possession limit 1.",False,True,1
"MANDALL LAKE","Chisago","Crappie: daily limit 5. Walleye: minimum size limit 17"", only 1 over 20"" allowed in possession.",False,False,2
"MANOR WOODS POND","Country Club Pond","(Olmsted) See Rochester–Olmsted County Area Lakes.",True,False,0
"MAPLE LAKE","Douglas","Crappie: minimum size limit 10"". Daily limit 5.",False,False,1
"MAPLE LAKE","Todd","Sunfish: daily limit 10.",False,False,1
"MAPLE LAKE, Upper","Wright","Crappie: daily limit 5. Sunfish: daily limit 10.",False,False,2
"MARGARET LAKE","Cass","See Gull Chain.",True,False,0
"MARION LAKE","Dakota","Sunfish: daily limit 5.",False,False,1
"MARTIN LAKE","Anoka","Sunfish: daily limit 10.",False,False,1
"MARY LAKE","Hubbard","Largemouth and smallmouth bass: all from 14‑20"" must be immediately released, only 1 over 20"" allowed in possession. Crappie: daily limit 5. Sunfish: daily limit 5.",False,False,3
"MARY LAKE","Todd","Sunfish: daily limit 5.",False,False,1
"MAUD LAKE","Becker","Sunfish: daily limit 5. Crappie: size limit 10"". Daily limit 5. Largemouth and smallmouth bass: all from 12-20"" must be immediately released, only 1 over 20"" allowed in possession.",False,False,3
"MAZASKA LAKE","Rice","Sunfish: daily limit 5.",False,False,1
"MEDICINE LAKE","Beltrami","Northern pike: all from 24-36"" must be immediately released. Possession limit 3, only 1 over 36"". Sunfish: daily limit 5.",False,False,2
"MEDICINE LAKE","Hennepin","Crappie: daily limit 5. Sunfish: daily limit 5.",False,False,2
"MELISSA LAKE","Becker","Northern pike: all from 24-36"" must be immediately released, possession limit 3, only 1 over 36"".",False,False,1
"MIDDLE LAKE","Otter Tail","Largemouth bass: all from 12-20"" must be immediately released, only 1 over 20"" allowed in possession. Sunfish: daily limit 5.",False,False,2
"MILL LAKE","Douglas","Sunfish: daily limit 10.",False,False,1
"MILLE LACS","See mndnr.gov/millelacslake",".",False,False,0
"MINERVA LAKE","Clearwater","Sunfish: daily limit 5.",False,False,1
"MINK-SOMERS LAKE near Maple Lake","Wright","Sunfish: daily limit 5. Crappie: daily limit 5. Walleye: minimum size limit 17"". Possession limit 3, only 1 over 20"". Largemouth bass: all from 12-20"" must be immediately released, only 1 over 20"" allowed in possession. Northern pike: all from 24-36"" must be immediately released, possession limit 3, only 1 over 36"". Possession or use of live minnows is prohibited.",False,False,5
"MINNEWASHTA LAKE","Carver","Largemouth bass: catch-and-release only.",False,False,1
"MINNEWASKA LAKE","Pope","Sunfish: daily limit 10.",False,False,1
"MINNEWAWA LAKE and connected Horseshoe Lake","Aitkin","Walleye: possession limit 3. Sunfish: daily limit 10.",False,True,2
"MINNIE BELLE LAKE","Meeker","Northern pike: all from 24-36"" must be immediately released, possession limit 3, only 1 over 36"". Sunfish: daily limit 5.",False,False,2
"MISSION LAKES, Lower and Upper","Crow Wing","Crappie: daily limit 5. Northern pike: all from 24-36"" must be immediately released, possession limit 3, only 1 over 36"". Sunfish: daily limit 5.",False,False,3
"MITCHELL LAKE","Crow Wing","Northern pike: all from 24‑36"" must be immediately released, possession limit 3, only 1 over 36"".",False,False,1
"MOCCASIN LAKE","Cass","Largemouth bass: catch-and-release only. Crappie: daily limit 5. Sunfish: daily limit 5.",False,False,3
"MOODY LAKE","Crow Wing","All species: catch-and-release only.",False,False,0
"MOON LAKE","Douglas","Sunfish: daily limit 5.",False,False,1
"MOOSE LAKE near Deer River","Itasca","Walleye: all from 20‑24"" must be immediately released, only 1 over 24"" allowed in possession.",False,False,1
"MOOSE LAKE","Todd","Largemouth bass: all 12"" and larger must be immediately released. Sunfish: daily limit 5.",False,False,2
"MOOSEHEAD LAKE","Carlton","Crappie: daily limit 5. Sunfish: daily limit 5.",False,False,2
"MOUND LAKE","Todd","Crappie: possession limit 5.",False,False,1
"MOVIL LAKE including Turtle River","Beltrami","See Turtle River chain of lakes.",True,True,0
"MUKOODA LAKE","St. Louis","Lake trout: catch-and-release only.",False,False,1
"MULE LAKE","Cass","Walleye: possession limit 3.",False,False,1
"AMAKAN LAKE","St. Louis","Walleye: all from 18‑26"" must be immediately released, only 1 over 26"" allowed in possession. Walleye and sauger: possession limit 6 combined, only 4 may be walleye.",False,False,2
"AMAKAN LAKE","St. Louis","Walleye: all from 18‑26"" must be immediately released, only 1 over 26"" allowed in possession. Walleye and sauger: possession limit 6 combined, only 4 may be walleye.",False,False,2
"ST LAKE","Kandiyohi","Sunfish: daily limit 10.",False,False,1
"ISSWA LAKE","Crow Wing","See Gull Chain. ⁕NEW—NORTH BROWNS LAKE (Stearns) Catfish special regulation repealed.",True,False,0
"ORTH LONG LAKE","Crow Wing","Crappie: daily limit 5. Sunfish: daily limit 5.",False,False,2
"ORTH STAR LAKE including Little North Star Lake","Itasca","Northern pike: all from 24‑36"" must be immediately released, possession limit 3, only 1 over 36"".",False,True,1
"ORTH TURTLE LAKE","Otter Tail","Largemouth and smallmouth bass: all from 14-20"" must be immediately released, only 1 over 20"" allowed in possession. Crappie: minimum size limit 10"".",False,False,2
"ORTH TWIN LAKE","Beltrami","Northern pike: all from 24-36"" must be immediately released, possession limit 3, only 1 over 36"".",False,False,1
"ORWAY LAKE","Otter Tail","Largemouth and smallmouth bass: all from 14-20"" must be immediately released, only 1 over 20"" allowed in possession. Crappie: minimum size limit 10"". Daily limit 5. Sunfish: daily limit 5.",False,False,3
"OLSON LAKE","Washington","Largemouth bass: catch-and-release only. ⁕NEW—ORWELL RESERVOIR and up to Dayton Hollow Dam (Otter Tail) Crappie: daily limit 5.",False,False,2
"OSAKIS and Little Osakis lakes","Douglas and Todd","Sunfish: daily limit 10. Walleye: minimum size limit 15"", only 1 over 20"" allowed in possession.",False,False,2
"OWASSO LAKE","Ramsey","Sunfish: daily limit 5.",False,False,1
"OX YOKE LAKE","Cass","Sunfish: daily limit 5.",False,False,1
"OZAWINDIB LAKE","Clearwater","Largemouth and smallmouth bass: all from 14‑20"" must be immediately released, only 1 over 20"" allowed in possession. Crappie: daily limit 5.",False,False,2
"PARLEY LAKE","Carver","Crappie: daily limit 5. Sunfish: daily limit 5.",False,False,2
"PELICAN LAKE","St. Louis","Largemouth and smallmouth bass: all from 14‑20"" must be immediately released, only 1 over 20"" allowed in possession.",False,False,1
"PENNINGTON MINE","Crow Wing","Lake trout: minimum size limit 20"". Possession limit 1.",False,False,1
"PERCH LAKE","Crow Wing","Crappie: daily limit 5. Sunfish: daily limit 5.",False,False,2
"PICKEREL LAKE","Itasca","Sunfish: daily limit 5.",False,False,1
"PIERZ","FISH","LAKE (Morrison) Largemouth bass: all from 14-20"" must be immediately released, only 1 over 20"" allowed in possession.",False,False,1
"PIG LAKE","Crow Wing","See Whitefish Chain.",True,False,0
"PIKE BAY LAKE and connected Fox Creek","Cass","See Cass Chain.",True,True,0
"PIMUSHE LAKE","Beltrami","Sunfish: daily limit 5.",False,False,1
"PINE LAKE, BIG","Otter Tail","See Big Pine Lake (Otter Tail County).",True,False,0
"PLATTE LAKE","Crow Wing","Sunfish: possession limit 10.",False,False,1
"PLEASANT LAKE","Stearns","Sunfish: daily limit 5.",False,False,1
"POKEGAMA LAKE near Grand Rapids","Itasca","Sunfish: daily limit 5.",False,False,1
"POKEGAMA LAKE and connected waters including the Snake River from the Little Walleye landing downstream to the I-35 bridges","Pine","Sunfish: daily limit 10.",False,True,1
"PORTAGE LAKE North of Ten Mile Lake","Cass","largemouth and smallmouth bass: all from 14-20"" must be immediately released, only 1 over 20"" allowed in possession.",False,False,1
"PRAIRIE LAKE","Otter Tail","Sunfish: daily limit 10.",False,False,1
"PRIOR LAKE, Upper and Lower","Scott","Crappie: daily limit 5. Sunfish: daily limit 5.",False,False,2
"QUARRY HILL NATURE CENTER POND","Olmsted","See Rochester–Olmsted County Area Lakes.",True,False,0
"RABBIT LAKES, Big and East Big","Crow Wing","Northern pike: all from 24‑36"" must be immediately released. Possession limit 3, only 1 over 36"".",False,False,1
"RABBITS","Itasca","See Winnibigoshish.",True,False,0
"RABOUR LAKE","Chisago","Crappie: daily limit 5. Walleye: minimum size limit 17"", only 1 over 20"" allowed in possession.",False,False,2
"RACHEL LAKE and Little Rachel Lake","Douglas","Northern pike: all from 24-36"" must be immediately released. Possession limit 3, only 1 over 36"".",False,False,1
"RAINY LAKE including the Rainy River above the dam at International Falls, all of Rainy Lake to the dam at Kettle Falls, Black Bay including Gold Portage below the rapids, all of the Rat Root River, and Rat Root Lake","Koochiching and St. Louis","Walleye and sauger: possession limit 8 (not more than 4 can be walleye). All walleye from 18‑26"" must be immediately released, only 1 walleye over 26"" allowed in possession.",False,True,2
"RAT LAKE","Aitkin","Sunfish: daily limit 10.",False,False,1
"RAVEN LAKE","Itasca","See Winnibigoshish.",True,False,0
"RAY LAKE","Cass","See Gull Chain.",True,False,0
"RED RIVER LAKE","Otter Tail","Sunfish: daily limit 10.",False,False,1
"RED ROCK LAKE","Douglas","Sunfish: daily limit 10.",False,False,1
"RED WING POTTERY POND","Goodhue","Trout: continuous season. Possession limit 3, only 1 over 16"" allowed in possession.",False,False,1
"RENO LAKE","Pope","Sunfish: daily limit 10.",False,False,1
"RICE LAKE and connected Inguadona Lake","Cass","Sunfish: daily limit 10. Crappie: daily limit 5.",False,True,2
"RICE LAKE east side of Brainerd","Crow Wing",": See Mississippi River.",True,False,0
"RILEY LAKE","Carver","Crappie: daily limit 5. Sunfish: daily limit 5.",False,False,2
"RIPLEY LAKE","Meeker","Sunfish: daily limit 5.",False,False,1
"ROGERS LAKE","Crow Wing","Crappie: daily limit 5. Sunfish: daily limit 5.",False,False,2
"ROUND LAKE","Crow Wing","See Gull Chain.",True,False,0
"ROUND LAKE","Douglas","Sunfish: daily limit 5.",False,False,1
"ROUND LAKE near Harding","Morrison","Sunfish: daily limit 5.",False,False,1
"ROUND LAKE near Squaw Lake including the Popple River downstream to State Highway Bridge 46","Itasca","Walleye: all from 20-24"" must be immediately released, only 1 over 24"" allowed in possession.",False,True,1
"ROY LAKE","Crow Wing","See Gull Chain.",True,False,0
"RUSH LAKE, East and West","Chisago","Northern pike: all from 26-40"" must be immediately released. Possession limit 3, only 1 over 40"".",False,False,1
"RUSH-HEN LAKE","Crow Wing","See Whitefish Chain.",True,False,0
"SAGAMORE MINE","Crow Wing","Lake trout: minimum size limit 20"". Possession limit 1. ⁕NEW—SAGANAGA LAKE including Gull Lake and the Sea Gull River (Cook) Walleye: repealed (only applies to the 17"" minimum size limit). Possession limit 3, only 1 over 20"".",False,False,2
"SALLIE LAKE","Becker","Northern pike: all from 24-36"" must be immediately released. Possession limit 3, only 1 over 36"".",False,False,1
"SANBORN LAKE","Cass","Sunfish: daily limit 5.",False,False,1
"SAND LAKE and connected Talac and Sorenson Lakes","Becker","Sunfish: daily limit 5.",False,True,1
"SAND LAKE including connecting Birds Eye Lake, Little Sand Lake, Portage Lake and Bowstring River upstream to County Road 35 bridge and downstream to the County Road 145 bridge","Itasca","Walleye: all 17-26"" must be immediately released, only 1 over 26"" allowed in possession. Sunfish: daily limit 5.",False,True,2
"SAND LAKE","Lake","Sunfish: daily limit 5.",False,False,1
"SAND POINT LAKE","St. Louis","Walleye: all from 18-26"" must be immediately released, only 1 over 26"" allowed in possession. Walleye and sauger possession limit 6 combined, only 4 may be walleye.",False,False,2
"SANDY RIVER LAKE","Aitkin","See Big Sandy Lake.",True,False,0
"SARAH LAKE","Hennepin","Crappie: daily limit 5. Sunfish: daily limit 5.",False,False,2
"SARAH LAKE","Polk","Sunfish: daily limit 10. ⁕NEW—SAUK RIVER CHAIN OF LAKES from Highway 23 downstream to the Cold Spring Dam including Becker, Bolfing, Cedar Island, Great Northern, Horseshoe, Knaus, Krays, Schneider and Zumwalde lakes (Stearns) Catfish special regulation repealed. Sunfish: daily limit 10.",False,False,3
"SCHNEIDER LAKE","Stearns","See Sauk River Chain of Lakes.",True,False,0
"SCRAPPER LAKE","Itasca","See Balsam Lake (Itasca). ⁕NEW—SEA GULL LAKE including Alpine River between Alpine Lake and Sea Gull Lake (Cook) Walleye: repealed (only applies to 17"" minimum size limit). Possession limit 3, only 1 over 20"".",True,False,0
"SEWELL LAKE","Otter Tail","Largemouth and smallmouth bass: all from 14-20"" must be immediately released, only 1 over 20"" allowed in possession.",False,False,1
"SHAKOPEE LAKE","Mille Lacs","Sunfish: daily limit 5.",False,False,1
"SHAMINEAU LAKE","Morrison","Northern pike: all from 24-36"" must be immediately released, possession limit 3, only 1 over 36"".",False,False,1
"SHIELDS LAKE","Rice","Sunfish: daily limit 10.",False,False,1
"SHIELDS LAKE","Washington","Sunfish: daily limit 5.",False,False,1
"SILVER CREEK RESERVOIR","Olmsted","See Rochester–Olmsted County Area Lakes.",True,False,0
"SILVER LAKE","Olmsted","See Rochester–Olmsted County Area Lakes. ⁕NEW—SOUTH FARM LAKE (Lake) Northern pike special regulation repealed. Walleye: all from 17-26"" must be immediately released, only 1 over 26"" allowed in possession.",True,False,0
"SOUTH LINDSTROM LAKE","Chisago","Largemouth bass: all 12"" and larger must be immediately released.",False,False,1
"SOUTH TWIN LAKE","Beltrami","Largemouth and smallmouth bass: all from 14‑20"" must be immediately released, only 1 over 20"" allowed in possession.",False,False,1
"SPIDER LAKE","Hubbard","Crappie: minimum size limit 10"".",False,False,1
"SPIDER LAKE","Itasca","Northern pike: all from 24-36"" must be immediately released. Possession limit 3, only 1 over 36"".",False,False,1
"SPLITHAND LAKE including Moody’s Creek upstream to County Road 432","Itasca","Walleye: all from 20-24"" must be immediately released, only 1 over 24"" allowed in possession. Crappie: daily limit 5. Sunfish: daily limit 5.",False,True,3
"ST. OLAF LAKE","Waseca","Northern pike: minimum size limit 30"". Possession limit 1. ⁕NEW—STAR LAKE (Otter Tail) Sunfish: daily limit 5. Crappie: daily limit 5.",False,False,3
"STEIGER LAKE","Carver","Northern pike and largemouth bass: catch-and-release only.",False,False,1
"STRAND LAKE","St. Louis","Crappie: daily limit 5. Sunfish: daily limit 5.",False,False,2
"STUART LAKE","Otter Tail","Crappie: minimum size limit 10"". Sunfish: daily limit 10.",False,False,2
"SUCKER LAKES, Upper, Middle, and Lower","Cass","Crappie: daily limit 5. Sunfish: daily limit 5.",False,False,2
"SUGAR LAKE","Cass","Sunfish: daily limit 5.",False,False,1
"SUGAR LAKE","Wright","Crappie: daily limit 5. Northern pike: all from 24‑36"" must be immediately released. Possession limit 3, only 1 over 36"".",False,False,2
"SULLIVAN LAKE","Morrison","Sunfish: daily limit 10.",False,False,1
"SWAN LAKE including Swan River downstream to dam, upstream to County Road 12, and connected streams","Itasca","Walleye: all from 20-24"" must be immediately released, only 1 over 24"" allowed in possession.",False,True,1
"SWIFT LAKE","Cass","See Boy Lake.",True,False,0
"SYLVAN LAKE near Pillager","Cass","Crappie: daily limit 5. Sunfish: daily limit 5.",False,False,2
"SYLVIA LAKES, East and West","Wright","Crappie: daily limit 5. Sunfish: daily limit 10.",False,False,2
"TAMARACK LAKE, North","Becker","Sunfish: daily limit 5.",False,False,1
"TEN MILE LAKE, North and South","Otter Tail","Largemouth and smallmouth bass: all from 14-20"" must be immediately released, only 1 over 20"" allowed in possession.",False,False,1
"THIRTEEN LAKE","Cass","Largemouth and smallmouth bass: all from 14‑20"" must be immediately released, only 1 over 20"" allowed in possession. Sunfish: daily limit 5.",False,False,2
"THREE ISLAND LAKE including Turtle River","Beltrami","Sunfish: daily limit 5.",False,True,1
"TRELIPE LAKE, Lower","Cass","Sunfish: daily limit 5.",False,False,1
"TRELIPE LAKE, Upper","Cass","Sunfish: daily limit 5.",False,False,1
"TROUT LAKE near Coleraine","Itasca","Walleye: all from 20‑24"" must be immediately released, only 1 over 24"" allowed in possession.",False,False,1
"TURTLE LAKE","Becker","Sunfish: daily limit 10.",False,False,1
"TURTLE LAKE, BIG including connected Turtle River","Beltrami","See Turtle River chain of lakes.",True,True,0
"TURTLE LAKE","Itasca","Smallmouth bass (regulation modified): all from 14-20"" must be immediately released, only 1 over 20"" allowed in possession.",False,False,1
"TURTLE LAKE","Ramsey","Largemouth and smallmouth bass (regulation modified): all from 14-20"" must be immediately released, only 1 over 20"" allowed in possession.",False,False,1
"TURTLE RIVER chain of lakes including connected Turtle River Lake, Little Turtle, Big Turtle, Movil, Beltrami, Fox lakes, and the Turtle River from Little Turtle Lake downstream to Fox Lake","Beltrami","Northern pike: all from 22-30"" must be immediately released, possession limit is 10, only 1 over 30"". Sunfish: daily limit 5.",False,True,2
"TWENTY-ONE LAKE","Otter Tail","Sunfish: possession limit 10. Northern pike, largemouth and smallmouth bass: catch-and-release only. Crappie: possession limit 5.",False,False,3
"TWO ISLAND LAKE","Cook","Smallmouth bass: all from 14-20"" must be immediately released, only 1 over 20"" allowed in possession.",False,False,1
"VANDUSE","Hobo","LAKE (Aitkin) Sunfish: daily limit 10.",False,False,1
"VENSTROM LAKE","Otter Tail","Crappie: minimum size limit 11"". Walleye: all from 17‑26"" must be immediately released, only 1 over 26"" allowed in possession. Sunfish: daily limit 10.",False,False,3
"VERMILLION LAKE","Cass","Sunfish: daily limit 5.",False,False,1
"VERMILION LAKE","St. Louis","Walleye: all from 20-26"" must be immediately released. Possession limit 4, only 1 over 26"".",False,False,1
"VERMONT LAKE","Douglas","Sunfish: daily limit 10.",False,False,1
"VILLARD LAKE","Pope","Sunfish: daily limit 10.",False,False,1
"ABEDO LAKE","Cass","Northern pike: all from 24-36"" must be immediately released. Possession limit 3, only 1 over 36"". Walleye: all from 18-26"" must be immediately released. Possession limit 4, only 1 over 26"".",False,False,2
"ACONIA LAKE","Carver","Walleye: minimum size limit 16"", only 1 over 20"" allowed in possession.",False,False,1
"ALL LAKE","Otter Tail","Sunfish: daily limit 10.",False,False,1
"ASHINGTON LAKE","Le Sueur","Sunfish: daily limit 10.",False,False,1
"AUKENABO LAKE and connected West Lake","Aitkin","Sunfish: daily limit 10.",False,True,1
"LCH LAKE","Cass","See Crooked Lake. ⁕NEW—WEST BATTLE LAKE (Otter Tail) Crappie: daily limit 5.",True,False,0
"ST LOST LAKE","Otter Tail","Sunfish: daily limit 10.",False,False,1
"ST SILENT LAKE","Otter Tail","Sunfish: daily limit 5.",False,False,1
"HISKEY LAKE","Douglas","Sunfish: daily limit 5. ⁕NEW—WHITE IRON LAKE (St. Louis and Lake) Northern pike special regulation repealed. Walleye: all from 17‑26"" must be immediately released, only 1 over 26"" allowed in possession.",False,False,3
"HITEFACE RESERVOIR","St. Louis","Crappie: daily limit 5. Sunfish: daily limit 5.",False,False,2
"HITEFISH CHAIN, including connected Cross Lake Reservoir, Lower Hay, Arrowhead, Bertha, Clamshell, Big Trout, Pig, Island-Loon, Rush-Hen, Dagget, and Little Pine lakes","Crow Wing","Crappie: daily limit 5. Sunfish: daily limit 5.",False,True,2
"HITEFISH LAKE","Crow Wing","See Whitefish Chain.",True,False,0
"ILD RICE RESERVOIR","St. Louis","Crappie: daily limit 5. Sunfish: daily limit 5.",False,False,2
"ILLOW CREEK RESERVOIR","Olmsted","See Rochester–Olmsted County Area Lakes.",True,False,0
"INDIGO LAKE","Beltrami","See Cass Chain.",True,False,0
"INNIBIGOSHISH Lake and connected waters","Beltrami, Cass, and Itasca",": Mississippi River to Knutson Dam, Third River Flowage to Little Dixon Lake, Pigeon River to Pigeon Lake Dam, First River, Egg Lake through Cut Foot Sioux Lake, Little Cut Foot Sioux Lake, Raven Flowage to Raven Lake, and Sugar Lake. Sunfish: daily limit 5. Walleye: all from 18‑23"" must be immediately released, only 1 over 23"" allowed in possession.",False,True,2
"OLF LAKE","Beltrami","See Cass Lake Chain.",True,False,0
"OMAN LAKE","Cass","Northern pike: all from 24-36"" must be immediately released. Possession limit 3, only 1 over 36"".",False,False,1
"YAWKEY MINE","Crow Wing","Lake trout: minimum size limit 20"". Possession limit 1.",False,False,1
"ZUMWALDE LAKE","Stearns","See Sauk River Chain of Lakes.",True,False,0
"ASH RIVER","St. Louis","See Kabetogama Lake.",True,False,0
"BELLE CREEK","Goodhue","Trout: catch-and-release on a 7.3 mile posted section from the confluence with the Cannon River upstream to Highway 19.",False,False,1
"BOWSTRING RIVER","Itasca","See Sand Lake.",True,False,0
"CAMP CREEK","Fillmore","Trout: catch-and-release on a 2.7-mile posted section from 0.8 miles above the confluence with the Root River, South Branch upstream 2.7 miles. Artificial lures and flies only. On the third Saturday in May, statewide regulations apply to the posted section of the stream.",False,False,1
"AGLE CREEK","Scott","Trout: catch-and-release only.",False,False,1
"CHO RIVER","St. Louis","See Crane Lake.",True,False,0
"FIRST RIVER","Itasca","See Winnibigoshish Lake.",True,False,0
"GARVIN BROOK","Winona","Trout: all from 12-16"" must be immediately released from the Highway 14 crossing to the source. Artificial lures and flies only.",False,False,1
"GRIBBEN CREEK","Fillmore","Trout: all from 12-16"" must be immediately released on the entire stream. Artificial lures and flies only.",False,False,1
"HAY CREEK","Goodhue","Trout: all from 12-16"" must be immediately released on a 4-mile posted section from 325th Street downstream. Artificial lures and flies only.",False,False,1
"HOOPER CREEK mouth upstream to State Highway 172 bridge","Lake of the Woods","Northern pike: see Lake of the Woods.",True,False,1
"KEDRON CREEK","Fillmore","Trout: catch-and-release only on the entire stream. Artificial lures and flies only.",False,False,1
"LAWNDALE CREEK","Wilkin","Brook trout: catch-and-release only for brook trout on a 3.5-mile posted section within Atherton Wildlife Management Area. Artificial lures and flies only. All hooks must be barbless.",False,False,1
"LOGAN CREEK","Olmsted","Trout: all from 12-16"" must be immediately released on the entire stream from the confluence with the Whitewater River, North Branch, upstream to the source. Artificial lures and flies only. LOON RIVER See Little Vermilion Lake.",True,False,1
"MAHOODS CREEK","Fillmore","Trout: all from 12-16"" must be immediately released on the entire stream.",False,False,1
"MILL CREEK","Fillmore and Olmsted","Trout: special catch-and-release season October 16 ‑ December 31 on posted reach in Chatfield from the confluence with the North Branch Root River upstream to Sprau’s tributary.",False,False,1
"isconsin border","inland waters of Pool 3","Walleye: minimum size limit 15"".",False,False,1
"MISSISSIPPI RIVER from Blandin Dam downstream to Coon Rapids Dam","Itasca, Aitkin, Crow Wing, Morrison, Benton, Sherburne, Wright, Anoka, and Hennepin","Muskellunge: catch-and-release only.",False,False,1
"MISSISSIPPI RIVER","Sherburne, Stearns and Wright","Smallmouth bass: all from 12-20"" must be immediately released from the confluence of the Crow River upstream to the St. Cloud Dam, including tributaries to the posted boundaries. Possession limit is 3, only 1 over 20"".",False,False,1
"MISSISSIPPI RIVER from Brainerd Dam upstream to Highway 6 including Rice, Little Rabbit, and Half Moon Lakes and connected backwaters","Crow Wing","Crappie: daily limit 5. Sunfish: daily limit 5.",False,True,2
"MISSISSIPPI RIVER","Beltrami, Cass, and Itasca","See Winnibigoshish Lake.",True,False,0
"OTTER TAIL RIVER","Otter Tail, Becker, and Wilkin","Smallmouth bass: catch-and-release from Wilkin County Road 19 crossing upstream to the Friberg Dam including all impoundments, and from Otter Tail County Highway 51 upstream to the Hubbel Pond Dam including Mud, Rice, and Town lakes.",False,False,1
"PIGEON RIVER","Itasca","See Winnibigoshish Lake.",True,False,0
"PRAIRIE RIVER","Aitkin","See Big Sandy Lake.",True,False,0
"PRAIRIE RIVER from Prairie Lake Dam downstream to Mississippi River","Itasca","Muskellunge: catch-and-release only.",False,False,1
"RAINY RIVER","Koochiching","and tributaries (Koochiching and Lake of the Woods) See pages 68-70.",True,False,0
"RAT ROOT RIVER","Koochiching","See Rainy Lake.",True,False,0
"RAVEN FLOWAGE","Itasca","See Winnibigoshish Lake.",True,False,0
"RED LAKE TRIBUTARIES See Red Lake","page 45",".",False,False,0
"ROOT RIVER, Middle Branch","Fillmore","Trout: catch-and-release on the entire stream.",False,False,1
"ROOT RIVER, South Fork","Fillmore","Trout: catch-and-release on a 7.7 mile section from County Road 12 upstream to the source. Artificial lures and flies only.",False,False,1
"RUSH CREEK","Fillmore","Trout: special catch-and-release season October 16 - December 31 on posted reach in Rushford. ST. CROIX RIVER See pages 74-77.",True,False,1
"SANDY RIVER","Aitkin","See Big Sandy Lake.",True,False,0
"SAUK RIVER","Stearns","See Sauk River Chain of Lakes.",True,False,0
"SEA GULL RIVER","Cook","Walleye: See Saganaga Lake.",True,False,1
"SHOTLEY BROOK from Highway 72 West to Upper Red Lake","Beltrami","See Red Lake (page 45).",True,False,0
"SNAKE RIVER","Pine","See Cross Lake and Pokegama Lake.",True,False,0
"STONEY BROOK","Cass","Brook trout: all must be immediately released on the posted section beginning at the mouth at Upper Gull Lake upstream to the road crossing at County Road 29 (Minor’s Corner).",False,False,1
"TAMARACK RIVER","from the Beltrami County line west to Upper Red lake","See Red Lake (page 45).",True,False,0
"THIRD RIVER FLOWAGE","Itasca","See Winnibigoshish Lake.",True,False,0
"TROUT RUN CREEK","Fillmore and Winona","Trout: all from 12-16"" must be immediately released on the entire stream. Artificial lures and flies only.",False,False,1
"TROUT VALLEY CREEK","Winona","Brook trout: minimum size limit 12"". Possession limit 1. Artificial lures and flies only.",False,False,1
"TURTLE RIVER","Beltrami","See Turtle River chain of lakes.",True,False,0
"VERMILION GORGE","St. Louis","See Crane Lake.",True,False,0
"VERMILLION RIVER upstream of Vermillion Falls in Hastings and all tributaries","Dakota","Brown trout: catch-and-release only. Rainbow trout: regular statewide regulations apply.",False,False,2
"ATSON SAG","Chippewa","See Lac qui Parle Lake.",True,False,0
"ST INDIAN CREEK","Wabasha","Trout: all from 12-16"" must be immediately released from the upstream Wabasha County Road 4 crossing to the source.",False,False,1
"ST SAVANNA RIVER","Aitkin","See Big Sandy Lake.",True,False,0
"HITEWATER RIVER, North Branch","Wabasha, Olmsted and Winona","Trout: all from 12‑16"" must be immediately released on a 12.1 mile posted section from Township Road 29 upstream to County Road 4. Artificial lures and flies only.",False,False,1
"ISEL CREEK","Fillmore","Trout: all from 12-16"" must be immediately released on the entire stream.",False,False,1
"ZUMBRO RIVER, NORTH FORK","Goodhue and Wabasha","Trout: catch‑and-release on an 11.9 mile posted section from the Zumbro River, Main Branch upstream to Highway 10.",False,False,1
"ZUMBRO RIVER","Wabasha","Smallmouth bass: catch-and-release along a 12‑mile posted section from Highway 63 at Zumbro Falls upstream to the Zumbro Lake Dam. Home | Privacy Policy | For advertising opportunities please contact us. © . All Rights Reserved. Information from your device can be used to personalize your ad experience. Do not sell or share my personal information. Terms of Content Use",False,False,1
