LakeName,County,Species,RegulationType,DailyLimit,PossessionLimit,MinimumSize,MaximumSize,ProtectedSlot,IsCatchAndRelease,RegulationDetails
"AGNES LAKE","Douglas","Smallmouth Bass","ProtectedSlot",,,"","","12-20""",False,"Largemouth and smallmouth bass: all from 12-20"" must be immediately released, only 1 over 20"" allowed in possession"
"ALEXANDER LAKE","Morrison","Northern Pike","ProtectedSlot",,,"","","24-36""",False,"Northern pike: all from 24-36"" must be immediately released"
"AMELIA LAKE","Pope","Sunfish","DailyLimit",10,,"","","",False,"Sunfish: daily limit 10"
"ANDREW LAKE","Douglas","Sunfish","DailyLimit",10,,"","","",False,"Sunfish: daily limit 10"
"ANN LAKE","Carver","Largemouth Bass","CatchAndRelease",,,"","","",True,"Largemouth bass: catch-and-release only"
"ANN LAKE","Carver","Northern Pike","ProtectedSlot",,,"","","24-36""",False,"Northern pike: all from 24-36"" must be immediately released"
"ANNIE BATTLE LAKE including inlet to Molly Stark Lake and outlet to Blanche Lake","Otter Tail","Sunfish","DailyLimit",5,,"","","",False,"Sunfish: daily limit 5"
"ANNIE BATTLE LAKE including inlet to Molly Stark Lake and outlet to Blanche Lake","Otter Tail","Northern Pike","CatchAndRelease",,,"","","",True,"Northern pike, largemouth and smallmouth bass: catch-and-release only"
"ANNIE BATTLE LAKE including inlet to Molly Stark Lake and outlet to Blanche Lake","Otter Tail","Crappie","PossessionLimit",,5,"","","",False,"Crappie: possession limit 5"
"ASH LAKE","St. Louis","Northern Pike","Combined",,3,"","","24-36""",False,"Northern pike: all from 24-36"" must be immediately released, possession limit 3, only 1 over 36"""
"AUGUSTA LAKE including connected Clearwater, Grass, Augusta, Otter, and Caroline lakes","Wright","Crappie","DailyLimit",5,,"","","",False,"Crappie: daily limit 5"
"AUGUSTA LAKE including connected Clearwater, Grass, Augusta, Otter, and Caroline lakes","Wright","Sunfish","DailyLimit",10,,"","","",False,"Sunfish: daily limit 10"
"BALM LAKE","Beltrami","Smallmouth Bass","ProtectedSlot",,,"","","14-20""",False,"Largemouth and smallmouth bass: all from 14-20"" must be immediately released, only 1 over 20"" allowed in possession"
"BALSAM LAKE including connected Haskell and Scrapper lakes","Itasca","Northern Pike","ProtectedSlot",,,"","","24-36""",False,"Northern pike: all from 24-36"" must be immediately released"
"BASS LAKE near Cohasset","Itasca","Sunfish","DailyLimit",5,,"","","",False,"Sunfish: daily limit 5"
"BASS LAKE near Underwood","Otter Tail","Sunfish","DailyLimit",5,,"","","",False,"Sunfish: daily limit 5"
"BASS LAKE near Burtrum north of Long Lake","Todd","Walleye","PossessionLimit",,2,"","","",False,"Walleye: possession limit 2"
"BASS LAKE near Burtrum north of Long Lake","Todd","Largemouth Bass","PossessionLimit",,1,"","","",False,"Largemouth bass: possession limit 1"
"BASS LAKE near Burtrum north of Long Lake","Todd","Northern Pike","PossessionLimit",,3,"","","",False,"Northern pike: possession limit 3, all larger than 26"" must be immediately released"
"BATTLE LAKE","Itasca","Sunfish","DailyLimit",5,,"","","",False,"Sunfish: daily limit 5"
"BEAR HEAD LAKE","St. Louis","Sunfish","DailyLimit",5,,"","","",False,"Sunfish: daily limit 5"
"BEAR LAKE","Itasca","Sunfish","DailyLimit",5,,"","","",False,"Sunfish: daily limit 5"
"BEAUTY LAKE","Todd","Sunfish","DailyLimit",5,,"","","",False,"Sunfish: daily limit 5"
"BEUBER LAKE","Cass","Sunfish","DailyLimit",5,,"","","",False,"Sunfish: daily limit 5"
"BIG BASS LAKE","Beltrami","Smallmouth Bass","ProtectedSlot",,,"","","14-20""",False,"Largemouth and smallmouth bass: all from 14-20"" must be immediately released, only 1 over 20"" allowed in possession"
"BIG BASS LAKE","Beltrami","Sunfish","DailyLimit",5,,"","","",False,"Sunfish: daily limit 5"
"BIG FLOYD LAKE","Becker","Sunfish","DailyLimit",5,,"","","",False,"Sunfish: daily limit 5"
"BIG LAKE","Beltrami","Sunfish","DailyLimit",5,,"","","",False,"Sunfish: daily limit 5"
"BIG MANTRAP","Hubbard","Crappie","DailyLimit",5,,"","","",False,"Crappie: daily limit 5"
"BIG MANTRAP","Hubbard","Northern Pike","General",,,"","","",False,"Northern pike: all from 24‑36"" must be immediately released"
"BIG MARINE LAKE","Washington","Sunfish","DailyLimit",10,,"","","",False,"Sunfish: daily limit 10"
"BIG MARINE LAKE","Washington","Sunfish","DailyLimit",10,,"","","",False,"⁕NEW—BIG PINE LAKE (Otter Tail) Sunfish: daily limit 10"
"BIG MARINE LAKE","Washington","Walleye","ProtectedSlot",,,"","","18-26""",False,"Walleye: all from 18-26"" must be immediately released, only 1 over 26"" allowed in possession"
"BIG MARINE LAKE","Washington","Crappie","DailyLimit",5,,"","","",False,"Crappie: daily limit 5"
"BIG PORTAGE LAKE and connected Rice and Deep Portage lakes","Cass","Crappie","DailyLimit",5,,"","","",False,"Crappie: daily limit 5"
"BIG PORTAGE LAKE and connected Rice and Deep Portage lakes","Cass","Sunfish","DailyLimit",10,,"","","",False,"Sunfish: daily limit 10"
"BIG SANDY LAKE and connected waters","Aitkin","Sunfish","DailyLimit",5,,"","","",False,"Sunfish: daily limit 5"
"BIG SANDY LAKE and connected waters","Aitkin","Walleye","General",,,"","","",False,"Walleye: all less than 14"" or greater than 18"" must be immediately released, only 1 over 26"" allowed in possession"
"BIG SWAN LAKE","Todd","Northern Pike","ProtectedSlot",,,"","","24-36""",False,"Northern pike: all from 24-36"" must be immediately released"
"BLACKDUCK LAKE","Beltrami","Sunfish","DailyLimit",5,,"","","",False,"Sunfish: daily limit 5"
"BLACKDUCK LAKE","St. Louis","Sunfish","DailyLimit",10,,"","","",False,"Sunfish: daily limit 10"
"BLACK BASS LAKE","Mille Lacs","Smallmouth Bass","General",,,"","","",False,"Largemouth and smallmouth bass: catch‑and-release only"
"BLACK BASS LAKE","Mille Lacs","Northern Pike","CatchAndRelease",,,"","","",True,"Northern pike: catch-and-release only"
"BLACK BASS LAKE","Mille Lacs","Sunfish","DailyLimit",5,,"","","",False,"Sunfish: daily limit 5"
"BLACKWELL LAKE","Douglas","Sunfish","DailyLimit",10,,"","","",False,"Sunfish: daily limit 10"
"BLUEBERRY LAKE","Wadena","Northern Pike","ProtectedSlot",,,"","","24-36""",False,"Northern pike: all from 24-36"" must be immediately released"
"BORDEN LAKE","Crow Wing","Sunfish","DailyLimit",5,,"","","",False,"Sunfish: daily limit 5"
"BORDEN LAKE","Crow Wing","Crappie","DailyLimit",5,,"","","",False,"Crappie: daily limit 5"
"BOY LAKE and connected Swift Lake","Cass","Crappie","DailyLimit",5,,"","","",False,"Crappie: daily limit 5"
"BOY LAKE and connected Swift Lake","Cass","Sunfish","DailyLimit",10,,"","","",False,"Sunfish: daily limit 10"
"BUCK LAKE near Burtrum","Todd","Sunfish","DailyLimit",5,,"","","",False,"Sunfish: daily limit 5"
"BUFFALO LAKE","Becker","Sunfish","DailyLimit",5,,"","","",False,"Sunfish: daily limit 5"
"CAMPBELL LAKE","Beltrami","Sunfish","DailyLimit",5,,"","","",False,"Sunfish: daily limit 5"
"CARIBOU LAKE","Itasca","Trout","SizeLimit",,,"20""","","",False,"Lake trout: minimum size limit 20"""
"CARNELIAN LAKE","Stearns","Sunfish","DailyLimit",5,,"","","",False,"Sunfish: daily limit 5"
"CASS CHAIN including connecting waters Wolf, Ose, Andrusia, Big Lake Creek, Mississippi River, Cass, Fox Creek, Pike Bay, Windigo, Buck, Big Rice, Little Rice, Kitchi, Turtle River, and Pug Hole","Beltrami","Sunfish","DailyLimit",5,,"","","",False,"Sunfish: daily limit 5"
"CEDAR LAKE","Morrison","Walleye","PossessionLimit",,2,"","","",False,"Walleye: possession limit 2"
"CEDAR LAKE","Morrison","Crappie","DailyLimit",5,,"","","",False,"Crappie: daily limit 5"
"CEDAR LAKE","Morrison","Northern Pike","PossessionLimit",,3,"","","",False,"Northern pike: possession limit 3, all larger than 26"" must be immediately released"
"CEDAR LAKE north of Sauk Centre","Todd","Sunfish","DailyLimit",5,,"","","",False,"Sunfish: daily limit 5"
"CENTER LAKE, North and South","Chisago","Northern Pike","Combined",,3,"","","24-36""",False,"Northern pike: all from 24-36"" must be immediately released, possession limit 3, only 1 over 36"""
"CENTERVILLE LAKE","Anoka","Sunfish","DailyLimit",5,,"","","",False,"Sunfish: daily limit 5"
"CHILD LAKE","Cass","Northern Pike","ProtectedSlot",,,"","","24-36""",False,"Northern pike: all from 24-36"" must be immediately released"
"CHISAGO LAKE","Chisago","Largemouth Bass","General",,,"","","",False,"Largemouth bass: all 12"" and larger must be immediately released"
"CLEAR LAKE","Aitkin","Sunfish","DailyLimit",10,,"","","",False,"Sunfish: daily limit 10"
"CLEAR LAKE","Waseca","Smallmouth Bass","CatchAndRelease",,,"","","",True,"Largemouth and smallmouth bass: catch-and-release only"
"CLEARWATER LAKE including connected Caroline, Augusta, Grass and Otter lakes and connecting portions of the Clearwater River","Stearns and Wright","Crappie","DailyLimit",5,,"","","",False,"Crappie: daily limit 5"
"CLEARWATER LAKE including connected Caroline, Augusta, Grass and Otter lakes and connecting portions of the Clearwater River","Stearns and Wright","Sunfish","DailyLimit",10,,"","","",False,"Sunfish: daily limit 10"
"CLITHERALL LAKE","Otter Tail","Smallmouth Bass","ProtectedSlot",,,"","","14-20""",False,"Smallmouth bass: all from 14-20"" must be immediately released, only 1 over 20"" allowed in possession"
"COON LAKE","Anoka","Walleye","SizeLimit",,,"17""","","",False,"Walleye: minimum size limit 17"""
"COON-SANDWICK LAKE","Itasca","Northern Pike","Combined",,3,"","","24-36""",False,"Northern pike: all from 24-36"" must be immediately released, possession limit 3, only 1 over 36"""
"County Highway 424 bridge","St. Louis","Walleye","ProtectedSlot",,,"","","18-26""",False,"Walleye: all from 18-26"" must be immediately released, only 1 over 26"" allowed in possession"
"County Highway 424 bridge","St. Louis","Walleye","PossessionLimit",,6,"","","",False,"Walleye and sauger: possession limit 6 combined, only 4 may be walleye"
"CRAWFORD LAKE","Wright","Crappie","PossessionLimit",,5,"","","",False,"Crappie: possession limit 5"
"CRAWFORD LAKE","Wright","Largemouth Bass","CatchAndRelease",,,"","","",True,"Largemouth bass: catch-and-release only"
"CRAWFORD LAKE","Wright","Perch","PossessionLimit",,10,"","","",False,"Perch: possession limit 10"
"CRAWFORD LAKE","Wright","Sunfish","PossessionLimit",,5,"","","",False,"Sunfish: possession limit 5"
"CRAWFORD LAKE","Wright","Walleye","PossessionLimit",,2,"","","",False,"Walleye: possession limit 2"
"CROOKED LAKE","Anoka","Largemouth Bass","CatchAndRelease",,,"","","",True,"Largemouth bass: catch-and-release only"
"CROOKED LAKE and connected Welsh Lake","Cass","Sunfish","DailyLimit",5,,"","","",False,"Sunfish: daily limit 5"
"CROOKED LAKE","Stearns","Largemouth Bass","ProtectedSlot",,,"","","12-20""",False,"Largemouth bass: all from 12-20"" must be immediately released, only 1 over 20"" allowed in possession"
"CROSS LAKE and connected waters including the Snake River under the I-35 bridges downstream to the Cross Lake Road/County Road 9 bridge","Pine","Sunfish","DailyLimit",10,,"","","",False,"Sunfish: daily limit 10"
"CROW WING LAKES, 1st, 2nd, 3rd, and 4th including the Crow Wing River from County Road 109 upstream to Crown Point Road","Hubbard","Sunfish","DailyLimit",5,,"","","",False,"Sunfish: daily limit 5"
"CROW WING LAKES, 5th and 6th","Hubbard","Northern Pike","PossessionLimit",,3,"","","",False,"Northern pike: all from 24‑36"" must be immediately released, possession limit 3, only 1 over 36"""
"CROW WING LAKES, 8th, 9th, and 10th","Hubbard","Northern Pike","Combined",,3,"","","24-36""",False,"Northern pike: all from 24-36"" must be immediately released, possession limit 3, only 1 over 36"""
"CRYSTAL LAKE","Otter Tail","Sunfish","DailyLimit",10,,"","","",False,"Sunfish: daily limit 10"
"DAM LAKE and connected Lily Lake and Dam Brook","Aitkin","Sunfish","DailyLimit",10,,"","","",False,"Sunfish: daily limit 10"
"DEER LAKE","Beltrami","Smallmouth Bass","General",,,"","","",False,"Largemouth and smallmouth bass: all from 14‑20"" must be immediately released, only 1 over 20"" allowed in possession"
"DEER LAKE","Beltrami","Northern Pike","PossessionLimit",,3,"","","",False,"Northern pike: all from 24‑36"" must be immediately released, possession limit 3, only 1 over 36"""
"DEER LAKE","Beltrami","Sunfish","DailyLimit",5,,"","","",False,"Sunfish: daily limit 5"
"DEER LAKE near Effie","Itasca","Sunfish","DailyLimit",5,,"","","",False,"Sunfish: daily limit 5"
"DEER LAKE including Otter Tail River","Otter Tail","Sunfish","DailyLimit",10,,"","","",False,"Sunfish: daily limit 10"
"DEMONTREVILLE LAKE","Washington","Largemouth Bass","General",,,"","","",False,"Largemouth bass: catch‑and‑release only"
"DIAMOND LAKE","Kandiyohi","Sunfish","DailyLimit",5,,"","","",False,"Sunfish: daily limit 5"
"DUTCH LAKE","Hennepin","Crappie","DailyLimit",5,,"","","",False,"Crappie: daily limit 5"
"DUTCH LAKE","Hennepin","Sunfish","DailyLimit",5,,"","","",False,"Sunfish: daily limit 5"
"DYERS LAKE","Cook","Crappie","DailyLimit",5,,"","","",False,"Crappie: daily limit 5"
"DYERS LAKE","Cook","Sunfish","DailyLimit",5,,"","","",False,"Sunfish: daily limit 5"
"AST LOST LAKE including Otter Tail River","Otter Tail","Sunfish","DailyLimit",10,,"","","",False,"Sunfish: daily limit 10"
"AST TWIN LAKE","Crow Wing","Crappie","DailyLimit",5,,"","","",False,"Crappie: daily limit 5"
"AST TWIN LAKE","Crow Wing","Sunfish","DailyLimit",5,,"","","",False,"Sunfish: daily limit 5"
"AST TWIN LAKE","Crow Wing","Catfish","General",,,"","","",False,"⁕NEW—EDEN LAKE (Stearns) Catfish special regulation repealed"
"DWARD LAKE","Crow Wing","Crappie","DailyLimit",5,,"","","",False,"Crappie: daily limit 5"
"DWARD LAKE","Crow Wing","Sunfish","DailyLimit",5,,"","","",False,"Sunfish: daily limit 5"
"LEPHANT LAKE","St. Louis","Sunfish","DailyLimit",10,,"","","",False,"Sunfish: daily limit 10"
"LLIOT LAKE","St. Louis","Sunfish","DailyLimit",5,,"","","",False,"Sunfish: daily limit 5"
"UNICE LAKE","Becker","Sunfish","DailyLimit",5,,"","","",False,"Sunfish: daily limit 5"
"UNICE LAKE","Becker","Crappie","SizeLimit",,,"10""","","",False,"Crappie: minimum size limit 10"""
"UNICE LAKE","Becker","Smallmouth Bass","ProtectedSlot",,,"","","12-20""",False,"Largemouth and smallmouth bass: all from 12-20"" must be immediately released, only 1over 20"" allowed in possession"
"UNICE LAKE","Becker","Northern Pike","General",,,"","","",False,"⁕NEW—FARM LAKE (Lake) Northern pike special regulation repealed"
"UNICE LAKE","Becker","Walleye","General",,,"","","",False,"Walleye: (includes the North Branch Kawishiwi River from Farm Lake 4"
"FARM ISLAND LAKE","Aitkin","Walleye","ProtectedSlot",,,"","","16-19""",False,"Walleye: all from 16-19"" must be immediately released, only 1 over 20"" allowed in possession"
"FARM ISLAND LAKE","Aitkin","Sunfish","DailyLimit",5,,"","","",False,"⁕NEW—FISH LAKE near Parkers Prairie (Otter Tail) Sunfish: daily limit 5"
"FARM ISLAND LAKE","Aitkin","Crappie","DailyLimit",5,,"","","",False,"Crappie: daily limit 5"
"FARM ISLAND LAKE","Aitkin","Sunfish","DailyLimit",5,,"","","",False,"⁕NEW—FISH LAKE near Weetown (Otter Tail) Sunfish: daily limit 5"
"FARM ISLAND LAKE","Aitkin","Crappie","DailyLimit",5,,"","","",False,"Crappie: daily limit 5"
"FISH LAKE RESERVOIR","St. Louis","Walleye","General",,,"","","",False,"Walleye: all less than 13"" or greater than 17"" must be immediately released, except 1 over 26"" allowed in possession"
"FISH LAKE RESERVOIR","St. Louis","Crappie","DailyLimit",5,,"","","",False,"Crappie: daily limit 5"
"FISH LAKE RESERVOIR","St. Louis","Sunfish","DailyLimit",5,,"","","",False,"Sunfish: daily limit 5"
"FISH TRAP LAKE","Morrison","Northern Pike","Combined",,3,"","","24-36""",False,"Northern pike: all from 24-36"" must be immediately released, possession limit 3, only 1 over 36"""
"FLADMARK LAKE","Otter Tail","Sunfish","PossessionLimit",,10,"","","",False,"Sunfish: possession limit 10"
"FLADMARK LAKE","Otter Tail","Northern Pike","CatchAndRelease",,,"","","",True,"Northern pike, largemouth and smallmouth bass: catch-and-release only"
"FLADMARK LAKE","Otter Tail","Crappie","PossessionLimit",,5,"","","",False,"Crappie: possession limit 5"
"FLORIDA LAKE","Kandiyohi","Sunfish","DailyLimit",10,,"","","",False,"Sunfish: daily limit 10"
"FLOUR LAKE","Cook","Smallmouth Bass","ProtectedSlot",,,"","","14-20""",False,"Smallmouth bass: all from 14-20"" must be immediately released, only 1 over 20"" allowed in possession"
"FOSTER-AREND LAKE","Olmsted","Trout","General",,,"","","",False,"Trout: continuous season"
"FOSTER-AREND LAKE","Olmsted","Smallmouth Bass","General",,,"","","",False,"Sunfish, crappie, yellow perch, largemouth and smallmouth bass, see Rochester–Olmsted County Area Lakes"
"FRANKLIN LAKE","Otter Tail","Crappie","Combined",5,,"10""","","",False,"Crappie: minimum size limit 10"", daily limit 5"
"FRANKLIN LAKE","Otter Tail","Sunfish","DailyLimit",5,,"","","",False,"Sunfish: daily limit 5"
"GAMEHAVEN","Boy Scout Lake or Willow Reservoir No. 4","Northern Pike","General",,,"","","",False,"⁕NEW—GARDEN LAKE (Lake) Northern pike special regulation repealed"
"GAMEHAVEN","Boy Scout Lake or Willow Reservoir No. 4","Walleye","ProtectedSlot",,,"","","17-26""",False,"Walleye: all from 17-26"" must be immediately released, only one over 26"" allowed in possession"
"GARFIELD LAKE","Hubbard","Sunfish","DailyLimit",5,,"","","",False,"Sunfish: daily limit 5"
"GEORGE LAKE","Hubbard","Northern Pike","General",,,"","","",False,"Northern pike: all from 24""-36"" must be immediately released"
"GEORGE LAKE","Hubbard","Smallmouth Bass","General",,,"","","",False,"Largemouth and smallmouth bass: all 14‑20"" must be immediately released, only 1 over 20"" allowed in possession"
"GEORGE LAKE","Kandiyohi","Crappie","DailyLimit",5,,"","","",False,"Crappie: daily limit 5"
"GEORGE LAKE","Kandiyohi","Sunfish","DailyLimit",5,,"","","",False,"Sunfish: daily limit 5"
"GILBERT LAKE","Crow Wing","Crappie","DailyLimit",5,,"","","",False,"Crappie: daily limit 5"
"GILBERT LAKE","Crow Wing","Sunfish","DailyLimit",5,,"","","",False,"Sunfish: daily limit 5"
"GILCHRIST LAKE","Pope","Sunfish","DailyLimit",10,,"","","",False,"Sunfish: daily limit 10"
"GIRL LAKE","Cass","Northern Pike","General",,,"","","",False,"Northern pike: all from 24""-36"" must be immediately released"
"GLADSTONE LAKE","Crow Wing","Crappie","DailyLimit",5,,"","","",False,"Crappie: daily limit 5"
"GLADSTONE LAKE","Crow Wing","Sunfish","DailyLimit",5,,"","","",False,"Sunfish: daily limit 5"
"GOODRICH LAKE","Crow Wing","Crappie","DailyLimit",5,,"","","",False,"Crappie: daily limit 5"
"GOODRICH LAKE","Crow Wing","Sunfish","DailyLimit",5,,"","","",False,"Sunfish: daily limit 5"
"GOOSE LAKE","Chisago","Crappie","DailyLimit",5,,"","","",False,"Crappie: daily limit 5"
"GOOSE LAKE","Chisago","Walleye","SizeLimit",,,"17""","","",False,"Walleye: minimum size limit 17"""
"GRAVE LAKE","Itasca","Sunfish","DailyLimit",5,,"","","",False,"Sunfish: daily limit 5"
"GREEN LAKE","Chisago","Walleye","SizeLimit",,,"17""","","",False,"Walleye: minimum size limit 17"", only 1 over 20"" allowed in possession"
"GREEN LAKE","Kandiyohi","Walleye","PossessionLimit",,3,"","","",False,"Walleye: possession limit 3"
"GREEN PRAIRIE LAKE","Morrison","Sunfish","PossessionLimit",,10,"","","",False,"Sunfish: possession limit 10"
"GROVE LAKE","Pope","Sunfish","DailyLimit",10,,"","","",False,"Sunfish: daily limit 10"
"GULL LAKE","Beltrami","Sunfish","DailyLimit",5,,"","","",False,"Sunfish: daily limit 5"
"GULL LAKE CHAIN including connected Gull, Upper Gull, Margaret, Ray, Love, Nisswa, Roy, and Round lakes","Crow Wing, Cass","Northern Pike","Combined",,2,"","","30-40""",False,"Northern pike: all from 30-40"" must be immediately released, possession limit 2, only 1 over 40"""
"GULL LAKE CHAIN including connected Gull, Upper Gull, Margaret, Ray, Love, Nisswa, Roy, and Round lakes","Crow Wing, Cass","Walleye","General",,,"","","",False,"⁕NEW—GULL LAKE (Cook) Walleye: see Saganaga Lake"
"GUN LAKE","Aitkin","Sunfish","DailyLimit",10,,"","","",False,"Sunfish: daily limit 10"
"HEIGHT OF LAND LAKE","Becker","Sunfish","DailyLimit",10,,"","","",False,"Sunfish: daily limit 10"
"HENRY LAKE","Douglas","Smallmouth Bass","ProtectedSlot",,,"","","12-20""",False,"Largemouth and smallmouth bass: all from 12-20"" must be immediately released, only 1 over 20"" allowed in possession"
"HORSESHOE LAKE and connected Minnewawa Lake","Aitkin","Walleye","PossessionLimit",,3,"","","",False,"Walleye: possession limit 3"
"HORSESHOE LAKE and connected Minnewawa Lake","Aitkin","Sunfish","DailyLimit",10,,"","","",False,"Sunfish: daily limit 10"
"HORSESHOE LAKE","Cass","Sunfish","DailyLimit",5,,"","","",False,"Sunfish: daily limit 5"
"HOVDE LAKE","Cass","Largemouth Bass","CatchAndRelease",,,"","","",True,"Largemouth bass: catch-and-release only"
"HUBERT LAKE","Crow Wing","Smallmouth Bass","General",,,"","","",False,"Largemouth and smallmouth bass: all 12"" and larger must be immediately released"
"HUBERT LAKE","Crow Wing","Crappie","DailyLimit",5,,"","","",False,"Crappie: daily limit 5"
"HUBERT LAKE","Crow Wing","Sunfish","DailyLimit",5,,"","","",False,"Sunfish: daily limit 5"
"HUNGRY JACK LAKE","Cook","Smallmouth Bass","ProtectedSlot",,,"","","14-20""",False,"Smallmouth bass: all from 14-20"" must be immediately released, only 1 over 20"" allowed in possession"
"INDIAN LAKE","Wright","Sunfish","DailyLimit",10,,"","","",False,"Sunfish: daily limit 10"
"INGUADONA LAKE and connected Rice Lake","Cass","Sunfish","DailyLimit",10,,"","","",False,"Sunfish: daily limit 10"
"INGUADONA LAKE and connected Rice Lake","Cass","Crappie","DailyLimit",5,,"","","",False,"Crappie: daily limit 5"
"IRENE LAKE","Douglas","Sunfish","DailyLimit",10,,"","","",False,"Sunfish: daily limit 10"
"ISLAND LAKE","Becker","Sunfish","DailyLimit",10,,"","","",False,"Sunfish: daily limit 10"
"ISLAND LAKE near Ponto Lake","Cass","Sunfish","DailyLimit",5,,"","","",False,"Sunfish: daily limit 5"
"ISLAND LAKE near Deer River","Itasca","Sunfish","DailyLimit",5,,"","","",False,"Sunfish: daily limit 5"
"ISLAND LAKE near Northome","Itasca","Northern Pike","ProtectedSlot",,,"","","24-36""",False,"Northern pike: all from 24-36"" must be immediately released"
"ISLAND LAKE near Northome","Itasca","Walleye","ProtectedSlot",,,"","","17-26""",False,"Walleye: all from 17-26"" must be immediately released, only 1 over 26"" allowed in possession"
"ISLAND LAKE RESERVOIR including Cloquet River from mouth of Island Reservoir upstream 0.5 miles to rapids and Otter River from mouth of Island Reservoir upstream to Boulder Reservoir dam","St. Louis","Walleye","ProtectedSlot",,,"","","15-20""",False,"Walleye: all from 15-20"" must be immediately released"
"ITASCA LAKE","Clearwater","Crappie","DailyLimit",5,,"","","",False,"Crappie: daily limit 5"
"ITASCA LAKE","Clearwater","Sunfish","DailyLimit",5,,"","","",False,"Sunfish: daily limit 5"
"JANE LAKE","Washington","Largemouth Bass","CatchAndRelease",,,"","","",True,"Largemouth bass: catch-and-release only"
"JAY GOULD including Little Jay Gould and Blackwater Reservoir upstream to Highway 6","Itasca","Sunfish","DailyLimit",5,,"","","",False,"Sunfish: daily limit 5"
"JULIA LAKE","Beltrami","Sunfish","DailyLimit",5,,"","","",False,"Sunfish: daily limit 5"
"KABEKONA LAKE","Hubbard","Walleye","ProtectedSlot",,,"","","20-26""",False,"Walleye: all from 20-26"" must be immediately released"
"KABETOGAMA LAKE including Sullivan Bay and Ash River to Ash River Falls","St. Louis","Walleye","ProtectedSlot",,,"","","18-26""",False,"Walleye: all from 18-26"" must be immediately released, only 1 over 26"" allowed in possession"
"KABETOGAMA LAKE including Sullivan Bay and Ash River to Ash River Falls","St. Louis","Walleye","PossessionLimit",,6,"","","",False,"Walleye and sauger: possession limit 6 combined, only 4 may be walleye"
"KNIFE LAKE","Kanabec","Walleye","ProtectedSlot",,,"","","18-24""",False,"Walleye: all from 18-24"" must be immediately released, only 1 over 24"" allowed in possession"
"KNIFE LAKE","Kanabec","Northern Pike","Combined",,3,"","","24-36""",False,"Northern pike: all from 24-36"" must be immediately released, possession limit 3, only 1 over 36"" allowed in possession"
"LA SALLE LAKE","Hubbard","Walleye","PossessionLimit",,2,"","","",False,"Walleye: possession limit 2"
"LA SALLE LAKE","Hubbard","Smallmouth Bass","CatchAndRelease",,,"","","",True,"Largemouth and smallmouth bass: catch-and-release only"
"LA SALLE LAKE","Hubbard","Northern Pike","PossessionLimit",,1,"","","",False,"Northern pike: possession limit 1"
"LA SALLE LAKE","Hubbard","Crappie","PossessionLimit",,5,"","","",False,"Crappie: possession limit 5"
"LA SALLE LAKE","Hubbard","Sunfish","PossessionLimit",,5,"","","",False,"Sunfish: possession limit 5"
"LA SALLE LAKE","Hubbard","Perch","PossessionLimit",,10,"","","",False,"Yellow perch: possession limit 10"
"LA SALLE LAKE","Hubbard","Walleye","PossessionLimit",,4,"","","",False,"⁕NEW—LAC QUI PARLE LAKE upstream to Marsh Lake Dam, including the Watson Sag upstream to the diversion dam (Lac qui Parle and Chippewa) Walleye: possession limit 4, only 1 over 20"""
"LA SALLE LAKE","Hubbard","Crappie","DailyLimit",5,,"","","",False,"Crappie: daily limit 5"
"LADY LAKE near Grey Eagle","Todd","Sunfish","DailyLimit",5,,"","","",False,"Sunfish: daily limit 5"
"LEECH LAKE","Cass","Crappie","DailyLimit",5,,"","","",False,"Crappie: daily limit 5"
"LEECH LAKE","Cass","Sunfish","DailyLimit",5,,"","","",False,"Sunfish: daily limit 5"
"LEECH LAKE","Cass","Walleye","PossessionLimit",,4,"","","",False,"Walleye: possession limit 4, only 1 over 20"""
"LEVEN LAKE","Pope","Sunfish","DailyLimit",10,,"","","",False,"Sunfish: daily limit 10"
"LIDA LAKES, South and North, including Mud Lake","Otter Tail","Crappie","SizeLimit",,,"11""","","",False,"Crappie: minimum size limit 11"""
"LIDA LAKES, South and North, including Mud Lake","Otter Tail","Walleye","ProtectedSlot",,,"","","17-26""",False,"Walleye: all from 17-26"" must be immediately released, only 1 over 26"" allowed in possession"
"LIDA LAKES, South and North, including Mud Lake","Otter Tail","Sunfish","DailyLimit",10,,"","","",False,"Sunfish: daily limit 10"
"LILY LAKE and connected Long Lake","Todd","Sunfish","DailyLimit",5,,"","","",False,"Sunfish: daily limit 5"
"LIND LAKE","Cass","Sunfish","DailyLimit",5,,"","","",False,"Sunfish: daily limit 5"
"LITTLE BOWSTRING LAKE","Itasca","Sunfish","DailyLimit",5,,"","","",False,"Sunfish: daily limit 5"
"LITTLE BOY LAKE","Cass","Northern Pike","Combined",,3,"","","24-36""",False,"Northern pike: all from 24-36"" must be immediately released, possession limit 3, only 1 over 36"""
"LITTLE BOY LAKE","Cass","Walleye","PossessionLimit",,4,"","","",False,"Walleye: all from 18‑26"" must be immediately released, possession limit 4, only 1 over 26"""
"LITTLE CORMORANT LAKE","Becker","Sunfish","DailyLimit",5,,"","","",False,"Sunfish: daily limit 5"
"LITTLE CORMORANT LAKE","Becker","Crappie","SizeLimit",,,"10""","","",False,"Crappie: minimum size limit 10"""
"LITTLE CORMORANT LAKE","Becker","Walleye","SizeLimit",,,"17""","","",False,"Walleye: minimum size limit 17"", only 1 over 20"" allowed in possession"
"LITTLE FLOYD LAKE","Becker","Northern Pike","Combined",3,,"","","24-36""",False,"Northern pike: all from 24-36"" must be immediately released, daily limit 3, only 1 over 36"""
"LITTLE MANTRAP LAKE","Hubbard","Largemouth Bass","ProtectedSlot",,,"","","12-20""",False,"Largemouth bass: all from 12-20"" must be immediately released, only 1 over 20"" allowed in possession"
"LITTLE MCDONALD LAKE including Kerbs Lake","Otter Tail","Walleye","ProtectedSlot",,,"","","17-26""",False,"Walleye: all from 17-26"" must be immediately released, only 1 over 26"" allowed in possession"
"LITTLE SPLITHAND LAKE","Itasca","Sunfish","DailyLimit",5,,"","","",False,"Sunfish: daily limit 5"
"LITTLE SUGAR BUSH LAKE","Becker","Sunfish","DailyLimit",5,,"","","",False,"Sunfish: daily limit 5"
"LITTLE TOAD LAKE","Becker","Sunfish","DailyLimit",10,,"","","",False,"Sunfish: daily limit 10"
"LITTLE TOAD LAKE","Becker","Northern Pike","PossessionLimit",,3,"","","",False,"Northern pike: all from 24‑36"" must be immediately released, possession limit 3, only 1 over 36"""
"LITTLE TROUT LAKE","St. Louis","Trout","CatchAndRelease",,,"","","",True,"Lake trout: catch-and-release only"
"LITTLE TURTLE LAKE near Marcell","Itasca","Sunfish","DailyLimit",5,,"","","",False,"Sunfish: daily limit 5"
"LITTLE VERMILION LAKE including Loon River to Loon River Falls portage","St. Louis","Walleye","ProtectedSlot",,,"","","18-26""",False,"Walleye: all from 18-26"" must be immediately released, only 1 over 26"" allowed in possession"
"LITTLE VERMILION LAKE including Loon River to Loon River Falls portage","St. Louis","Walleye","PossessionLimit",,6,"","","",False,"Walleye and sauger: possession limit 6 combined, only 4 may be walleye"
"LITTLE WEBB LAKE","Cass","Crappie","DailyLimit",5,,"","","",False,"Crappie: daily limit 5"
"LITTLE WEBB LAKE","Cass","Sunfish","DailyLimit",5,,"","","",False,"Sunfish: daily limit 5"
"LITTLE WOMAN LAKE","Cass","Northern Pike","ProtectedSlot",,,"","","24-36""",False,"Northern pike: all from 24-36"" must be immediately released"
"LONG LAKE near Hawick","Kandiyohi","Largemouth Bass","General",,,"","","",False,"Largemouth bass: all from 14‑20"" must be immediately released, only 1 over 20"" allowed in possession"
"LONG LAKE near Hawick","Kandiyohi","Sunfish","DailyLimit",10,,"","","",False,"Sunfish: daily limit 10"
"LONG LAKE near Clearwater","Stearns","Largemouth Bass","ProtectedSlot",,,"","","12-20""",False,"Largemouth bass: all from 12-20"" must be immediately released, only 1 over 20"" allowed in possession"
"LONG LAKE near Clearwater","Stearns","Catfish","General",,,"","","",False,"⁕NEW—LONG LAKE south of Richmond (Stearns) Special regulation for catfish repealed"
"LONG LAKE near Clearwater","Stearns","Sunfish","DailyLimit",10,,"","","",False,"Sunfish: daily limit 10"
"LONG LAKE including connected Lily Lake","Todd","Sunfish","DailyLimit",5,,"","","",False,"Sunfish: daily limit 5"
"LONG LAKE near Burtrum","Todd","Northern Pike","Combined",,3,"","","24-36""",False,"Northern pike: all from 24-36"" must be immediately released, possession limit 3, only 1 over 36"""
"LONG LAKE near Spaulding","Todd","Sunfish","PossessionLimit",,10,"","","",False,"Sunfish: possession limit 10"
"LONG LAKE near Vergas","Otter Tail","Sunfish","DailyLimit",10,,"","","",False,"Sunfish: daily limit 10"
"LOW LAKE","St. Louis","Sunfish","DailyLimit",10,,"","","",False,"Sunfish: daily limit 10"
"MAHNOMEN MINE and connected Alstead and Arco Mines","Crow Wing","Trout","General",,,"","","",False,"Lake trout: minimum length limit 20"""
"MANDALL LAKE","Chisago","Crappie","DailyLimit",5,,"","","",False,"Crappie: daily limit 5"
"MANDALL LAKE","Chisago","Walleye","SizeLimit",,,"17""","","",False,"Walleye: minimum size limit 17"", only 1 over 20"" allowed in possession"
"MAPLE LAKE","Douglas","Crappie","SizeLimit",,,"10""","","",False,"Crappie: minimum size limit 10"""
"MAPLE LAKE","Todd","Sunfish","DailyLimit",10,,"","","",False,"Sunfish: daily limit 10"
"MAPLE LAKE, Upper","Wright","Crappie","DailyLimit",5,,"","","",False,"Crappie: daily limit 5"
"MAPLE LAKE, Upper","Wright","Sunfish","DailyLimit",10,,"","","",False,"Sunfish: daily limit 10"
"MARION LAKE","Dakota","Sunfish","DailyLimit",5,,"","","",False,"Sunfish: daily limit 5"
"MARTIN LAKE","Anoka","Sunfish","DailyLimit",10,,"","","",False,"Sunfish: daily limit 10"
"MARY LAKE","Hubbard","Smallmouth Bass","General",,,"","","",False,"Largemouth and smallmouth bass: all from 14‑20"" must be immediately released, only 1 over 20"" allowed in possession"
"MARY LAKE","Hubbard","Crappie","DailyLimit",5,,"","","",False,"Crappie: daily limit 5"
"MARY LAKE","Hubbard","Sunfish","DailyLimit",5,,"","","",False,"Sunfish: daily limit 5"
"MARY LAKE","Todd","Sunfish","DailyLimit",5,,"","","",False,"Sunfish: daily limit 5"
"MAUD LAKE","Becker","Sunfish","DailyLimit",5,,"","","",False,"Sunfish: daily limit 5"
"MAUD LAKE","Becker","Crappie","General",,,"","","",False,"Crappie: size limit 10"""
"MAUD LAKE","Becker","Smallmouth Bass","ProtectedSlot",,,"","","12-20""",False,"Largemouth and smallmouth bass: all from 12-20"" must be immediately released, only 1 over 20"" allowed in possession"
"MAZASKA LAKE","Rice","Sunfish","DailyLimit",5,,"","","",False,"Sunfish: daily limit 5"
"MEDICINE LAKE","Beltrami","Northern Pike","ProtectedSlot",,,"","","24-36""",False,"Northern pike: all from 24-36"" must be immediately released"
"MEDICINE LAKE","Beltrami","Sunfish","DailyLimit",5,,"","","",False,"Sunfish: daily limit 5"
"MEDICINE LAKE","Hennepin","Crappie","DailyLimit",5,,"","","",False,"Crappie: daily limit 5"
"MEDICINE LAKE","Hennepin","Sunfish","DailyLimit",5,,"","","",False,"Sunfish: daily limit 5"
"MELISSA LAKE","Becker","Northern Pike","Combined",,3,"","","24-36""",False,"Northern pike: all from 24-36"" must be immediately released, possession limit 3, only 1 over 36"""
"MIDDLE LAKE","Otter Tail","Largemouth Bass","ProtectedSlot",,,"","","12-20""",False,"Largemouth bass: all from 12-20"" must be immediately released, only 1 over 20"" allowed in possession"
"MIDDLE LAKE","Otter Tail","Sunfish","DailyLimit",5,,"","","",False,"Sunfish: daily limit 5"
"MILL LAKE","Douglas","Sunfish","DailyLimit",10,,"","","",False,"Sunfish: daily limit 10"
"MINERVA LAKE","Clearwater","Sunfish","DailyLimit",5,,"","","",False,"Sunfish: daily limit 5"
"MINK-SOMERS LAKE near Maple Lake","Wright","Sunfish","DailyLimit",5,,"","","",False,"Sunfish: daily limit 5"
"MINK-SOMERS LAKE near Maple Lake","Wright","Crappie","DailyLimit",5,,"","","",False,"Crappie: daily limit 5"
"MINK-SOMERS LAKE near Maple Lake","Wright","Walleye","SizeLimit",,,"17""","","",False,"Walleye: minimum size limit 17"""
"MINK-SOMERS LAKE near Maple Lake","Wright","Largemouth Bass","ProtectedSlot",,,"","","12-20""",False,"Largemouth bass: all from 12-20"" must be immediately released, only 1 over 20"" allowed in possession"
"MINK-SOMERS LAKE near Maple Lake","Wright","Northern Pike","Combined",,3,"","","24-36""",False,"Northern pike: all from 24-36"" must be immediately released, possession limit 3, only 1 over 36"""
"MINNEWASHTA LAKE","Carver","Largemouth Bass","CatchAndRelease",,,"","","",True,"Largemouth bass: catch-and-release only"
"MINNEWASKA LAKE","Pope","Sunfish","DailyLimit",10,,"","","",False,"Sunfish: daily limit 10"
"MINNEWAWA LAKE and connected Horseshoe Lake","Aitkin","Walleye","PossessionLimit",,3,"","","",False,"Walleye: possession limit 3"
"MINNEWAWA LAKE and connected Horseshoe Lake","Aitkin","Sunfish","DailyLimit",10,,"","","",False,"Sunfish: daily limit 10"
"MINNIE BELLE LAKE","Meeker","Northern Pike","Combined",,3,"","","24-36""",False,"Northern pike: all from 24-36"" must be immediately released, possession limit 3, only 1 over 36"""
"MINNIE BELLE LAKE","Meeker","Sunfish","DailyLimit",5,,"","","",False,"Sunfish: daily limit 5"
"MISSION LAKES, Lower and Upper","Crow Wing","Crappie","DailyLimit",5,,"","","",False,"Crappie: daily limit 5"
"MISSION LAKES, Lower and Upper","Crow Wing","Northern Pike","Combined",,3,"","","24-36""",False,"Northern pike: all from 24-36"" must be immediately released, possession limit 3, only 1 over 36"""
"MISSION LAKES, Lower and Upper","Crow Wing","Sunfish","DailyLimit",5,,"","","",False,"Sunfish: daily limit 5"
"MITCHELL LAKE","Crow Wing","Northern Pike","PossessionLimit",,3,"","","",False,"Northern pike: all from 24‑36"" must be immediately released, possession limit 3, only 1 over 36"""
"MOCCASIN LAKE","Cass","Largemouth Bass","CatchAndRelease",,,"","","",True,"Largemouth bass: catch-and-release only"
"MOCCASIN LAKE","Cass","Crappie","DailyLimit",5,,"","","",False,"Crappie: daily limit 5"
"MOCCASIN LAKE","Cass","Sunfish","DailyLimit",5,,"","","",False,"Sunfish: daily limit 5"
"MOON LAKE","Douglas","Sunfish","DailyLimit",5,,"","","",False,"Sunfish: daily limit 5"
"MOOSE LAKE near Deer River","Itasca","Walleye","General",,,"","","",False,"Walleye: all from 20‑24"" must be immediately released, only 1 over 24"" allowed in possession"
"MOOSE LAKE","Todd","Largemouth Bass","General",,,"","","",False,"Largemouth bass: all 12"" and larger must be immediately released"
"MOOSE LAKE","Todd","Sunfish","DailyLimit",5,,"","","",False,"Sunfish: daily limit 5"
"MOOSEHEAD LAKE","Carlton","Crappie","DailyLimit",5,,"","","",False,"Crappie: daily limit 5"
"MOOSEHEAD LAKE","Carlton","Sunfish","DailyLimit",5,,"","","",False,"Sunfish: daily limit 5"
"MOUND LAKE","Todd","Crappie","PossessionLimit",,5,"","","",False,"Crappie: possession limit 5"
"MUKOODA LAKE","St. Louis","Trout","CatchAndRelease",,,"","","",True,"Lake trout: catch-and-release only"
"MULE LAKE","Cass","Walleye","PossessionLimit",,3,"","","",False,"Walleye: possession limit 3"
"AMAKAN LAKE","St. Louis","Walleye","General",,,"","","",False,"Walleye: all from 18‑26"" must be immediately released, only 1 over 26"" allowed in possession"
"AMAKAN LAKE","St. Louis","Walleye","PossessionLimit",,6,"","","",False,"Walleye and sauger: possession limit 6 combined, only 4 may be walleye"
"AMAKAN LAKE","St. Louis","Walleye","General",,,"","","",False,"Walleye: all from 18‑26"" must be immediately released, only 1 over 26"" allowed in possession"
"AMAKAN LAKE","St. Louis","Walleye","PossessionLimit",,6,"","","",False,"Walleye and sauger: possession limit 6 combined, only 4 may be walleye"
"ST LAKE","Kandiyohi","Sunfish","DailyLimit",10,,"","","",False,"Sunfish: daily limit 10"
"ORTH LONG LAKE","Crow Wing","Crappie","DailyLimit",5,,"","","",False,"Crappie: daily limit 5"
"ORTH LONG LAKE","Crow Wing","Sunfish","DailyLimit",5,,"","","",False,"Sunfish: daily limit 5"
"ORTH STAR LAKE including Little North Star Lake","Itasca","Northern Pike","PossessionLimit",,3,"","","",False,"Northern pike: all from 24‑36"" must be immediately released, possession limit 3, only 1 over 36"""
"ORTH TURTLE LAKE","Otter Tail","Smallmouth Bass","ProtectedSlot",,,"","","14-20""",False,"Largemouth and smallmouth bass: all from 14-20"" must be immediately released, only 1 over 20"" allowed in possession"
"ORTH TURTLE LAKE","Otter Tail","Crappie","SizeLimit",,,"10""","","",False,"Crappie: minimum size limit 10"""
"ORTH TWIN LAKE","Beltrami","Northern Pike","Combined",,3,"","","24-36""",False,"Northern pike: all from 24-36"" must be immediately released, possession limit 3, only 1 over 36"""
"ORWAY LAKE","Otter Tail","Smallmouth Bass","ProtectedSlot",,,"","","14-20""",False,"Largemouth and smallmouth bass: all from 14-20"" must be immediately released, only 1 over 20"" allowed in possession"
"ORWAY LAKE","Otter Tail","Crappie","SizeLimit",,,"10""","","",False,"Crappie: minimum size limit 10"""
"ORWAY LAKE","Otter Tail","Sunfish","DailyLimit",5,,"","","",False,"Sunfish: daily limit 5"
"OLSON LAKE","Washington","Largemouth Bass","CatchAndRelease",,,"","","",True,"Largemouth bass: catch-and-release only"
"OLSON LAKE","Washington","Crappie","DailyLimit",5,,"","","",False,"⁕NEW—ORWELL RESERVOIR and up to Dayton Hollow Dam (Otter Tail) Crappie: daily limit 5"
"OSAKIS and Little Osakis lakes","Douglas and Todd","Sunfish","DailyLimit",10,,"","","",False,"Sunfish: daily limit 10"
"OSAKIS and Little Osakis lakes","Douglas and Todd","Walleye","SizeLimit",,,"15""","","",False,"Walleye: minimum size limit 15"", only 1 over 20"" allowed in possession"
"OWASSO LAKE","Ramsey","Sunfish","DailyLimit",5,,"","","",False,"Sunfish: daily limit 5"
"OX YOKE LAKE","Cass","Sunfish","DailyLimit",5,,"","","",False,"Sunfish: daily limit 5"
"OZAWINDIB LAKE","Clearwater","Smallmouth Bass","General",,,"","","",False,"Largemouth and smallmouth bass: all from 14‑20"" must be immediately released, only 1 over 20"" allowed in possession"
"OZAWINDIB LAKE","Clearwater","Crappie","DailyLimit",5,,"","","",False,"Crappie: daily limit 5"
"PARLEY LAKE","Carver","Crappie","DailyLimit",5,,"","","",False,"Crappie: daily limit 5"
"PARLEY LAKE","Carver","Sunfish","DailyLimit",5,,"","","",False,"Sunfish: daily limit 5"
"PELICAN LAKE","St. Louis","Smallmouth Bass","General",,,"","","",False,"Largemouth and smallmouth bass: all from 14‑20"" must be immediately released, only 1 over 20"" allowed in possession"
"PENNINGTON MINE","Crow Wing","Trout","SizeLimit",,,"20""","","",False,"Lake trout: minimum size limit 20"""
"PERCH LAKE","Crow Wing","Crappie","DailyLimit",5,,"","","",False,"Crappie: daily limit 5"
"PERCH LAKE","Crow Wing","Sunfish","DailyLimit",5,,"","","",False,"Sunfish: daily limit 5"
"PICKEREL LAKE","Itasca","Sunfish","DailyLimit",5,,"","","",False,"Sunfish: daily limit 5"
"PIERZ","FISH","Largemouth Bass","ProtectedSlot",,,"","","14-20""",False,"LAKE (Morrison) Largemouth bass: all from 14-20"" must be immediately released, only 1 over 20"" allowed in possession"
"PIMUSHE LAKE","Beltrami","Sunfish","DailyLimit",5,,"","","",False,"Sunfish: daily limit 5"
"PLATTE LAKE","Crow Wing","Sunfish","PossessionLimit",,10,"","","",False,"Sunfish: possession limit 10"
"PLEASANT LAKE","Stearns","Sunfish","DailyLimit",5,,"","","",False,"Sunfish: daily limit 5"
"POKEGAMA LAKE near Grand Rapids","Itasca","Sunfish","DailyLimit",5,,"","","",False,"Sunfish: daily limit 5"
"POKEGAMA LAKE and connected waters including the Snake River from the Little Walleye landing downstream to the I-35 bridges","Pine","Sunfish","DailyLimit",10,,"","","",False,"Sunfish: daily limit 10"
"PORTAGE LAKE North of Ten Mile Lake","Cass","Smallmouth Bass","ProtectedSlot",,,"","","14-20""",False,"largemouth and smallmouth bass: all from 14-20"" must be immediately released, only 1 over 20"" allowed in possession"
"PRAIRIE LAKE","Otter Tail","Sunfish","DailyLimit",10,,"","","",False,"Sunfish: daily limit 10"
"PRIOR LAKE, Upper and Lower","Scott","Crappie","DailyLimit",5,,"","","",False,"Crappie: daily limit 5"
"PRIOR LAKE, Upper and Lower","Scott","Sunfish","DailyLimit",5,,"","","",False,"Sunfish: daily limit 5"
"RABBIT LAKES, Big and East Big","Crow Wing","Northern Pike","General",,,"","","",False,"Northern pike: all from 24‑36"" must be immediately released"
"RABOUR LAKE","Chisago","Crappie","DailyLimit",5,,"","","",False,"Crappie: daily limit 5"
"RABOUR LAKE","Chisago","Walleye","SizeLimit",,,"17""","","",False,"Walleye: minimum size limit 17"", only 1 over 20"" allowed in possession"
"RACHEL LAKE and Little Rachel Lake","Douglas","Northern Pike","ProtectedSlot",,,"","","24-36""",False,"Northern pike: all from 24-36"" must be immediately released"
"RAINY LAKE including the Rainy River above the dam at International Falls, all of Rainy Lake to the dam at Kettle Falls, Black Bay including Gold Portage below the rapids, all of the Rat Root River, and Rat Root Lake","Koochiching and St. Louis","Walleye","PossessionLimit",,8,"","","",False,"Walleye and sauger: possession limit 8 (not more than 4 can be walleye)"
"RAINY LAKE including the Rainy River above the dam at International Falls, all of Rainy Lake to the dam at Kettle Falls, Black Bay including Gold Portage below the rapids, all of the Rat Root River, and Rat Root Lake","Koochiching and St. Louis","Walleye","General",,,"","","",False,"All walleye from 18‑26"" must be immediately released, only 1 walleye over 26"" allowed in possession"
"RAT LAKE","Aitkin","Sunfish","DailyLimit",10,,"","","",False,"Sunfish: daily limit 10"
"RED RIVER LAKE","Otter Tail","Sunfish","DailyLimit",10,,"","","",False,"Sunfish: daily limit 10"
"RED ROCK LAKE","Douglas","Sunfish","DailyLimit",10,,"","","",False,"Sunfish: daily limit 10"
"RED WING POTTERY POND","Goodhue","Trout","General",,,"","","",False,"Trout: continuous season"
"RENO LAKE","Pope","Sunfish","DailyLimit",10,,"","","",False,"Sunfish: daily limit 10"
"RICE LAKE and connected Inguadona Lake","Cass","Sunfish","DailyLimit",10,,"","","",False,"Sunfish: daily limit 10"
"RICE LAKE and connected Inguadona Lake","Cass","Crappie","DailyLimit",5,,"","","",False,"Crappie: daily limit 5"
"RILEY LAKE","Carver","Crappie","DailyLimit",5,,"","","",False,"Crappie: daily limit 5"
"RILEY LAKE","Carver","Sunfish","DailyLimit",5,,"","","",False,"Sunfish: daily limit 5"
"RIPLEY LAKE","Meeker","Sunfish","DailyLimit",5,,"","","",False,"Sunfish: daily limit 5"
"ROGERS LAKE","Crow Wing","Crappie","DailyLimit",5,,"","","",False,"Crappie: daily limit 5"
"ROGERS LAKE","Crow Wing","Sunfish","DailyLimit",5,,"","","",False,"Sunfish: daily limit 5"
"ROUND LAKE","Douglas","Sunfish","DailyLimit",5,,"","","",False,"Sunfish: daily limit 5"
"ROUND LAKE near Harding","Morrison","Sunfish","DailyLimit",5,,"","","",False,"Sunfish: daily limit 5"
"ROUND LAKE near Squaw Lake including the Popple River downstream to State Highway Bridge 46","Itasca","Walleye","ProtectedSlot",,,"","","20-24""",False,"Walleye: all from 20-24"" must be immediately released, only 1 over 24"" allowed in possession"
"RUSH LAKE, East and West","Chisago","Northern Pike","ProtectedSlot",,,"","","26-40""",False,"Northern pike: all from 26-40"" must be immediately released"
"SAGAMORE MINE","Crow Wing","Trout","SizeLimit",,,"20""","","",False,"Lake trout: minimum size limit 20"""
"SAGAMORE MINE","Crow Wing","Walleye","General",,,"","","",False,"⁕NEW—SAGANAGA LAKE including Gull Lake and the Sea Gull River (Cook) Walleye: repealed (only applies to the 17"" minimum size limit)"
"SALLIE LAKE","Becker","Northern Pike","ProtectedSlot",,,"","","24-36""",False,"Northern pike: all from 24-36"" must be immediately released"
"SANBORN LAKE","Cass","Sunfish","DailyLimit",5,,"","","",False,"Sunfish: daily limit 5"
"SAND LAKE and connected Talac and Sorenson Lakes","Becker","Sunfish","DailyLimit",5,,"","","",False,"Sunfish: daily limit 5"
"SAND LAKE including connecting Birds Eye Lake, Little Sand Lake, Portage Lake and Bowstring River upstream to County Road 35 bridge and downstream to the County Road 145 bridge","Itasca","Walleye","ProtectedSlot",,,"","","17-26""",False,"Walleye: all 17-26"" must be immediately released, only 1 over 26"" allowed in possession"
"SAND LAKE including connecting Birds Eye Lake, Little Sand Lake, Portage Lake and Bowstring River upstream to County Road 35 bridge and downstream to the County Road 145 bridge","Itasca","Sunfish","DailyLimit",5,,"","","",False,"Sunfish: daily limit 5"
"SAND LAKE","Lake","Sunfish","DailyLimit",5,,"","","",False,"Sunfish: daily limit 5"
"SAND POINT LAKE","St. Louis","Walleye","ProtectedSlot",,,"","","18-26""",False,"Walleye: all from 18-26"" must be immediately released, only 1 over 26"" allowed in possession"
"SAND POINT LAKE","St. Louis","Walleye","PossessionLimit",,6,"","","",False,"Walleye and sauger possession limit 6 combined, only 4 may be walleye"
"SARAH LAKE","Hennepin","Crappie","DailyLimit",5,,"","","",False,"Crappie: daily limit 5"
"SARAH LAKE","Hennepin","Sunfish","DailyLimit",5,,"","","",False,"Sunfish: daily limit 5"
"SARAH LAKE","Polk","Sunfish","DailyLimit",10,,"","","",False,"Sunfish: daily limit 10"
"SARAH LAKE","Polk","Catfish","General",,,"","","",False,"⁕NEW—SAUK RIVER CHAIN OF LAKES from Highway 23 downstream to the Cold Spring Dam including Becker, Bolfing, Cedar Island, Great Northern, Horseshoe, Knaus, Krays, Schneider and Zumwalde lakes (Stearns) Catfish special regulation repealed"
"SARAH LAKE","Polk","Sunfish","DailyLimit",10,,"","","",False,"Sunfish: daily limit 10"
"SEWELL LAKE","Otter Tail","Smallmouth Bass","ProtectedSlot",,,"","","14-20""",False,"Largemouth and smallmouth bass: all from 14-20"" must be immediately released, only 1 over 20"" allowed in possession"
"SHAKOPEE LAKE","Mille Lacs","Sunfish","DailyLimit",5,,"","","",False,"Sunfish: daily limit 5"
"SHAMINEAU LAKE","Morrison","Northern Pike","Combined",,3,"","","24-36""",False,"Northern pike: all from 24-36"" must be immediately released, possession limit 3, only 1 over 36"""
"SHIELDS LAKE","Rice","Sunfish","DailyLimit",10,,"","","",False,"Sunfish: daily limit 10"
"SHIELDS LAKE","Washington","Sunfish","DailyLimit",5,,"","","",False,"Sunfish: daily limit 5"
"SOUTH LINDSTROM LAKE","Chisago","Largemouth Bass","General",,,"","","",False,"Largemouth bass: all 12"" and larger must be immediately released"
"SOUTH TWIN LAKE","Beltrami","Smallmouth Bass","General",,,"","","",False,"Largemouth and smallmouth bass: all from 14‑20"" must be immediately released, only 1 over 20"" allowed in possession"
"SPIDER LAKE","Hubbard","Crappie","SizeLimit",,,"10""","","",False,"Crappie: minimum size limit 10"""
"SPIDER LAKE","Itasca","Northern Pike","ProtectedSlot",,,"","","24-36""",False,"Northern pike: all from 24-36"" must be immediately released"
"SPLITHAND LAKE including Moody’s Creek upstream to County Road 432","Itasca","Walleye","ProtectedSlot",,,"","","20-24""",False,"Walleye: all from 20-24"" must be immediately released, only 1 over 24"" allowed in possession"
"SPLITHAND LAKE including Moody’s Creek upstream to County Road 432","Itasca","Crappie","DailyLimit",5,,"","","",False,"Crappie: daily limit 5"
"SPLITHAND LAKE including Moody’s Creek upstream to County Road 432","Itasca","Sunfish","DailyLimit",5,,"","","",False,"Sunfish: daily limit 5"
"ST. OLAF LAKE","Waseca","Northern Pike","SizeLimit",,,"30""","","",False,"Northern pike: minimum size limit 30"""
"ST. OLAF LAKE","Waseca","Sunfish","DailyLimit",5,,"","","",False,"⁕NEW—STAR LAKE (Otter Tail) Sunfish: daily limit 5"
"ST. OLAF LAKE","Waseca","Crappie","DailyLimit",5,,"","","",False,"Crappie: daily limit 5"
"STEIGER LAKE","Carver","Northern Pike","CatchAndRelease",,,"","","",True,"Northern pike and largemouth bass: catch-and-release only"
"STRAND LAKE","St. Louis","Crappie","DailyLimit",5,,"","","",False,"Crappie: daily limit 5"
"STRAND LAKE","St. Louis","Sunfish","DailyLimit",5,,"","","",False,"Sunfish: daily limit 5"
"STUART LAKE","Otter Tail","Crappie","SizeLimit",,,"10""","","",False,"Crappie: minimum size limit 10"""
"STUART LAKE","Otter Tail","Sunfish","DailyLimit",10,,"","","",False,"Sunfish: daily limit 10"
"SUCKER LAKES, Upper, Middle, and Lower","Cass","Crappie","DailyLimit",5,,"","","",False,"Crappie: daily limit 5"
"SUCKER LAKES, Upper, Middle, and Lower","Cass","Sunfish","DailyLimit",5,,"","","",False,"Sunfish: daily limit 5"
"SUGAR LAKE","Cass","Sunfish","DailyLimit",5,,"","","",False,"Sunfish: daily limit 5"
"SUGAR LAKE","Wright","Crappie","DailyLimit",5,,"","","",False,"Crappie: daily limit 5"
"SUGAR LAKE","Wright","Northern Pike","General",,,"","","",False,"Northern pike: all from 24‑36"" must be immediately released"
"SULLIVAN LAKE","Morrison","Sunfish","DailyLimit",10,,"","","",False,"Sunfish: daily limit 10"
"SWAN LAKE including Swan River downstream to dam, upstream to County Road 12, and connected streams","Itasca","Walleye","ProtectedSlot",,,"","","20-24""",False,"Walleye: all from 20-24"" must be immediately released, only 1 over 24"" allowed in possession"
"SYLVAN LAKE near Pillager","Cass","Crappie","DailyLimit",5,,"","","",False,"Crappie: daily limit 5"
"SYLVAN LAKE near Pillager","Cass","Sunfish","DailyLimit",5,,"","","",False,"Sunfish: daily limit 5"
"SYLVIA LAKES, East and West","Wright","Crappie","DailyLimit",5,,"","","",False,"Crappie: daily limit 5"
"SYLVIA LAKES, East and West","Wright","Sunfish","DailyLimit",10,,"","","",False,"Sunfish: daily limit 10"
"TAMARACK LAKE, North","Becker","Sunfish","DailyLimit",5,,"","","",False,"Sunfish: daily limit 5"
"TEN MILE LAKE, North and South","Otter Tail","Smallmouth Bass","ProtectedSlot",,,"","","14-20""",False,"Largemouth and smallmouth bass: all from 14-20"" must be immediately released, only 1 over 20"" allowed in possession"
"THIRTEEN LAKE","Cass","Smallmouth Bass","General",,,"","","",False,"Largemouth and smallmouth bass: all from 14‑20"" must be immediately released, only 1 over 20"" allowed in possession"
"THIRTEEN LAKE","Cass","Sunfish","DailyLimit",5,,"","","",False,"Sunfish: daily limit 5"
"THREE ISLAND LAKE including Turtle River","Beltrami","Sunfish","DailyLimit",5,,"","","",False,"Sunfish: daily limit 5"
"TRELIPE LAKE, Lower","Cass","Sunfish","DailyLimit",5,,"","","",False,"Sunfish: daily limit 5"
"TRELIPE LAKE, Upper","Cass","Sunfish","DailyLimit",5,,"","","",False,"Sunfish: daily limit 5"
"TROUT LAKE near Coleraine","Itasca","Walleye","General",,,"","","",False,"Walleye: all from 20‑24"" must be immediately released, only 1 over 24"" allowed in possession"
"TURTLE LAKE","Becker","Sunfish","DailyLimit",10,,"","","",False,"Sunfish: daily limit 10"
"TURTLE LAKE","Itasca","Smallmouth Bass","ProtectedSlot",,,"","","14-20""",False,"Smallmouth bass (regulation modified): all from 14-20"" must be immediately released, only 1 over 20"" allowed in possession"
"TURTLE LAKE","Ramsey","Smallmouth Bass","ProtectedSlot",,,"","","14-20""",False,"Largemouth and smallmouth bass (regulation modified): all from 14-20"" must be immediately released, only 1 over 20"" allowed in possession"
"TURTLE RIVER chain of lakes including connected Turtle River Lake, Little Turtle, Big Turtle, Movil, Beltrami, Fox lakes, and the Turtle River from Little Turtle Lake downstream to Fox Lake","Beltrami","Northern Pike","ProtectedSlot",,,"","","22-30""",False,"Northern pike: all from 22-30"" must be immediately released, possession limit is 10, only 1 over 30"""
"TURTLE RIVER chain of lakes including connected Turtle River Lake, Little Turtle, Big Turtle, Movil, Beltrami, Fox lakes, and the Turtle River from Little Turtle Lake downstream to Fox Lake","Beltrami","Sunfish","DailyLimit",5,,"","","",False,"Sunfish: daily limit 5"
"TWENTY-ONE LAKE","Otter Tail","Sunfish","PossessionLimit",,10,"","","",False,"Sunfish: possession limit 10"
"TWENTY-ONE LAKE","Otter Tail","Northern Pike","CatchAndRelease",,,"","","",True,"Northern pike, largemouth and smallmouth bass: catch-and-release only"
"TWENTY-ONE LAKE","Otter Tail","Crappie","PossessionLimit",,5,"","","",False,"Crappie: possession limit 5"
"TWO ISLAND LAKE","Cook","Smallmouth Bass","ProtectedSlot",,,"","","14-20""",False,"Smallmouth bass: all from 14-20"" must be immediately released, only 1 over 20"" allowed in possession"
"VANDUSE","Hobo","Sunfish","DailyLimit",10,,"","","",False,"LAKE (Aitkin) Sunfish: daily limit 10"
"VENSTROM LAKE","Otter Tail","Crappie","SizeLimit",,,"11""","","",False,"Crappie: minimum size limit 11"""
"VENSTROM LAKE","Otter Tail","Walleye","General",,,"","","",False,"Walleye: all from 17‑26"" must be immediately released, only 1 over 26"" allowed in possession"
"VENSTROM LAKE","Otter Tail","Sunfish","DailyLimit",10,,"","","",False,"Sunfish: daily limit 10"
"VERMILLION LAKE","Cass","Sunfish","DailyLimit",5,,"","","",False,"Sunfish: daily limit 5"
"VERMILION LAKE","St. Louis","Walleye","ProtectedSlot",,,"","","20-26""",False,"Walleye: all from 20-26"" must be immediately released"
"VERMONT LAKE","Douglas","Sunfish","DailyLimit",10,,"","","",False,"Sunfish: daily limit 10"
"VILLARD LAKE","Pope","Sunfish","DailyLimit",10,,"","","",False,"Sunfish: daily limit 10"
"ABEDO LAKE","Cass","Northern Pike","ProtectedSlot",,,"","","24-36""",False,"Northern pike: all from 24-36"" must be immediately released"
"ABEDO LAKE","Cass","Walleye","ProtectedSlot",,,"","","18-26""",False,"Walleye: all from 18-26"" must be immediately released"
"ACONIA LAKE","Carver","Walleye","SizeLimit",,,"16""","","",False,"Walleye: minimum size limit 16"", only 1 over 20"" allowed in possession"
"ALL LAKE","Otter Tail","Sunfish","DailyLimit",10,,"","","",False,"Sunfish: daily limit 10"
"ASHINGTON LAKE","Le Sueur","Sunfish","DailyLimit",10,,"","","",False,"Sunfish: daily limit 10"
"AUKENABO LAKE and connected West Lake","Aitkin","Sunfish","DailyLimit",10,,"","","",False,"Sunfish: daily limit 10"
"ST LOST LAKE","Otter Tail","Sunfish","DailyLimit",10,,"","","",False,"Sunfish: daily limit 10"
"ST SILENT LAKE","Otter Tail","Sunfish","DailyLimit",5,,"","","",False,"Sunfish: daily limit 5"
"HISKEY LAKE","Douglas","Sunfish","DailyLimit",5,,"","","",False,"Sunfish: daily limit 5"
"HISKEY LAKE","Douglas","Northern Pike","General",,,"","","",False,"Louis and Lake) Northern pike special regulation repealed"
"HISKEY LAKE","Douglas","Walleye","General",,,"","","",False,"Walleye: all from 17‑26"" must be immediately released, only 1 over 26"" allowed in possession"
"HITEFACE RESERVOIR","St. Louis","Crappie","DailyLimit",5,,"","","",False,"Crappie: daily limit 5"
"HITEFACE RESERVOIR","St. Louis","Sunfish","DailyLimit",5,,"","","",False,"Sunfish: daily limit 5"
"HITEFISH CHAIN, including connected Cross Lake Reservoir, Lower Hay, Arrowhead, Bertha, Clamshell, Big Trout, Pig, Island-Loon, Rush-Hen, Dagget, and Little Pine lakes","Crow Wing","Crappie","DailyLimit",5,,"","","",False,"Crappie: daily limit 5"
"HITEFISH CHAIN, including connected Cross Lake Reservoir, Lower Hay, Arrowhead, Bertha, Clamshell, Big Trout, Pig, Island-Loon, Rush-Hen, Dagget, and Little Pine lakes","Crow Wing","Sunfish","DailyLimit",5,,"","","",False,"Sunfish: daily limit 5"
"ILD RICE RESERVOIR","St. Louis","Crappie","DailyLimit",5,,"","","",False,"Crappie: daily limit 5"
"ILD RICE RESERVOIR","St. Louis","Sunfish","DailyLimit",5,,"","","",False,"Sunfish: daily limit 5"
"INNIBIGOSHISH Lake and connected waters","Beltrami, Cass, and Itasca","Sunfish","DailyLimit",5,,"","","",False,"Sunfish: daily limit 5"
"INNIBIGOSHISH Lake and connected waters","Beltrami, Cass, and Itasca","Walleye","General",,,"","","",False,"Walleye: all from 18‑23"" must be immediately released, only 1 over 23"" allowed in possession"
"OMAN LAKE","Cass","Northern Pike","ProtectedSlot",,,"","","24-36""",False,"Northern pike: all from 24-36"" must be immediately released"
"YAWKEY MINE","Crow Wing","Trout","SizeLimit",,,"20""","","",False,"Lake trout: minimum size limit 20"""
"BELLE CREEK","Goodhue","Trout","CatchAndRelease",,,"","","",True,"Trout: catch-and-release on a 7"
"CAMP CREEK","Fillmore","Trout","CatchAndRelease",,,"","","",True,"Trout: catch-and-release on a 2"
"AGLE CREEK","Scott","Trout","CatchAndRelease",,,"","","",True,"Trout: catch-and-release only"
"GARVIN BROOK","Winona","Trout","ProtectedSlot",,,"","","12-16""",False,"Trout: all from 12-16"" must be immediately released from the Highway 14 crossing to the source"
"GRIBBEN CREEK","Fillmore","Trout","ProtectedSlot",,,"","","12-16""",False,"Trout: all from 12-16"" must be immediately released on the entire stream"
"HAY CREEK","Goodhue","Trout","ProtectedSlot",,,"","","12-16""",False,"Trout: all from 12-16"" must be immediately released on a 4-mile posted section from 325th Street downstream"
"HOOPER CREEK mouth upstream to State Highway 172 bridge","Lake of the Woods","Northern Pike","General",,,"","","",False,"Northern pike: see Lake of the Woods"
"KEDRON CREEK","Fillmore","Trout","CatchAndRelease",,,"","","",True,"Trout: catch-and-release only on the entire stream"
"LAWNDALE CREEK","Wilkin","Trout","CatchAndRelease",,,"","","",True,"Brook trout: catch-and-release only for brook trout on a 3"
"LOGAN CREEK","Olmsted","Trout","ProtectedSlot",,,"","","12-16""",False,"Trout: all from 12-16"" must be immediately released on the entire stream from the confluence with the Whitewater River, North Branch, upstream to the source"
"MAHOODS CREEK","Fillmore","Trout","ProtectedSlot",,,"","","12-16""",False,"Trout: all from 12-16"" must be immediately released on the entire stream"
"MILL CREEK","Fillmore and Olmsted","Trout","CatchAndRelease",,,"","","",True,"Trout: special catch-and-release season October 16 ‑ December 31 on posted reach in Chatfield from the confluence with the North Branch Root River upstream to Sprau’s tributary"
"isconsin border","inland waters of Pool 3","Walleye","SizeLimit",,,"15""","","",False,"Walleye: minimum size limit 15"""
"MISSISSIPPI RIVER from Blandin Dam downstream to Coon Rapids Dam","Itasca, Aitkin, Crow Wing, Morrison, Benton, Sherburne, Wright, Anoka, and Hennepin","Muskellunge","CatchAndRelease",,,"","","",True,"Muskellunge: catch-and-release only"
"MISSISSIPPI RIVER","Sherburne, Stearns and Wright","Smallmouth Bass","ProtectedSlot",,,"","","12-20""",False,"Smallmouth bass: all from 12-20"" must be immediately released from the confluence of the Crow River upstream to the St"
"MISSISSIPPI RIVER from Brainerd Dam upstream to Highway 6 including Rice, Little Rabbit, and Half Moon Lakes and connected backwaters","Crow Wing","Crappie","DailyLimit",5,,"","","",False,"Crappie: daily limit 5"
"MISSISSIPPI RIVER from Brainerd Dam upstream to Highway 6 including Rice, Little Rabbit, and Half Moon Lakes and connected backwaters","Crow Wing","Sunfish","DailyLimit",5,,"","","",False,"Sunfish: daily limit 5"
"OTTER TAIL RIVER","Otter Tail, Becker, and Wilkin","Smallmouth Bass","CatchAndRelease",,,"","","",True,"Smallmouth bass: catch-and-release from Wilkin County Road 19 crossing upstream to the Friberg Dam including all impoundments, and from Otter Tail County Highway 51 upstream to the Hubbel Pond Dam including Mud, Rice, and Town lakes"
"PRAIRIE RIVER from Prairie Lake Dam downstream to Mississippi River","Itasca","Muskellunge","CatchAndRelease",,,"","","",True,"Muskellunge: catch-and-release only"
"ROOT RIVER, Middle Branch","Fillmore","Trout","CatchAndRelease",,,"","","",True,"Trout: catch-and-release on the entire stream"
"ROOT RIVER, South Fork","Fillmore","Trout","CatchAndRelease",,,"","","",True,"Trout: catch-and-release on a 7"
"RUSH CREEK","Fillmore","Trout","CatchAndRelease",,,"","","",True,"Trout: special catch-and-release season October 16 - December 31 on posted reach in Rushford"
"SEA GULL RIVER","Cook","Walleye","General",,,"","","",False,"Walleye: See Saganaga Lake"
"STONEY BROOK","Cass","Trout","General",,,"","","",False,"Brook trout: all must be immediately released on the posted section beginning at the mouth at Upper Gull Lake upstream to the road crossing at County Road 29 (Minor’s Corner)"
"TROUT RUN CREEK","Fillmore and Winona","Trout","ProtectedSlot",,,"","","12-16""",False,"Trout: all from 12-16"" must be immediately released on the entire stream"
"TROUT VALLEY CREEK","Winona","Trout","SizeLimit",,,"12""","","",False,"Brook trout: minimum size limit 12"""
"VERMILLION RIVER upstream of Vermillion Falls in Hastings and all tributaries","Dakota","Trout","CatchAndRelease",,,"","","",True,"Brown trout: catch-and-release only"
"VERMILLION RIVER upstream of Vermillion Falls in Hastings and all tributaries","Dakota","Trout","General",,,"","","",False,"Rainbow trout: regular statewide regulations apply"
"ST INDIAN CREEK","Wabasha","Trout","ProtectedSlot",,,"","","12-16""",False,"Trout: all from 12-16"" must be immediately released from the upstream Wabasha County Road 4 crossing to the source"
"HITEWATER RIVER, North Branch","Wabasha, Olmsted and Winona","Trout","General",,,"","","",False,"Trout: all from 12‑16"" must be immediately released on a 12"
"ISEL CREEK","Fillmore","Trout","ProtectedSlot",,,"","","12-16""",False,"Trout: all from 12-16"" must be immediately released on the entire stream"
"ZUMBRO RIVER, NORTH FORK","Goodhue and Wabasha","Trout","General",,,"","","",False,"Trout: catch‑and-release on an 11"
"ZUMBRO RIVER","Wabasha","Smallmouth Bass","CatchAndRelease",,,"","","",True,"Smallmouth bass: catch-and-release along a 12‑mile posted section from Highway 63 at Zumbro Falls upstream to the Zumbro Lake Dam"
